Anno,Mese,Cerchia,Incidenti,Morti,Feriti,month_start
2001,1,Dalla Cerchia dei Navigli alle Mura Spagnole,88,0,106,2001-01-01
2001,1,Dalla Nuova Circonvallazione ai confini del Comune,697,5,981,2001-01-01
2001,1,Dalle Mura Spagnole alla Nuova Circonvallazione,342,2,471,2001-01-01
2001,1,Entro la Cerchia dei Navigli,56,0,63,2001-01-01
2001,1,Senza indicazioni,50,1,69,2001-01-01
2001,2,Dalla Cerchia dei Navigli alle Mura Spagnole,92,0,122,2001-02-01
2001,2,Dalla Nuova Circonvallazione ai confini del Comune,685,8,943,2001-02-01
2001,2,Dalle Mura Spagnole alla Nuova Circonvallazione,334,2,451,2001-02-01
2001,2,Entro la Cerchia dei Navigli,36,1,41,2001-02-01
2001,2,Senza indicazioni,41,0,59,2001-02-01
2001,3,Dalla Cerchia dei Navigli alle Mura Spagnole,104,1,140,2001-03-01
2001,3,Dalla Nuova Circonvallazione ai confini del Comune,799,6,1159,2001-03-01
2001,3,Dalle Mura Spagnole alla Nuova Circonvallazione,417,0,560,2001-03-01
2001,3,Entro la Cerchia dei Navigli,48,0,58,2001-03-01
2001,3,Senza indicazioni,51,0,60,2001-03-01
2001,4,Dalla Cerchia dei Navigli alle Mura Spagnole,84,0,126,2001-04-01
2001,4,Dalla Nuova Circonvallazione ai confini del Comune,829,5,1193,2001-04-01
2001,4,Dalle Mura Spagnole alla Nuova Circonvallazione,372,2,482,2001-04-01
2001,4,Entro la Cerchia dei Navigli,37,0,40,2001-04-01
2001,4,Senza indicazioni,47,1,63,2001-04-01
2001,5,Dalla Cerchia dei Navigli alle Mura Spagnole,117,0,156,2001-05-01
2001,5,Dalla Nuova Circonvallazione ai confini del Comune,1007,4,1418,2001-05-01
2001,5,Dalle Mura Spagnole alla Nuova Circonvallazione,472,0,651,2001-05-01
2001,5,Entro la Cerchia dei Navigli,47,0,57,2001-05-01
2001,5,Senza indicazioni,54,0,71,2001-05-01
2001,6,Dalla Cerchia dei Navigli alle Mura Spagnole,132,0,166,2001-06-01
2001,6,Dalla Nuova Circonvallazione ai confini del Comune,1090,7,1484,2001-06-01
2001,6,Dalle Mura Spagnole alla Nuova Circonvallazione,506,0,704,2001-06-01
2001,6,Entro la Cerchia dei Navigli,61,1,71,2001-06-01
2001,6,Senza indicazioni,53,1,81,2001-06-01
2001,7,Dalla Cerchia dei Navigli alle Mura Spagnole,123,0,167,2001-07-01
2001,7,Dalla Nuova Circonvallazione ai confini del Comune,938,6,1288,2001-07-01
2001,7,Dalle Mura Spagnole alla Nuova Circonvallazione,503,2,656,2001-07-01
2001,7,Entro la Cerchia dei Navigli,41,0,48,2001-07-01
2001,7,Senza indicazioni,52,1,64,2001-07-01
2001,8,Dalla Cerchia dei Navigli alle Mura Spagnole,45,0,75,2001-08-01
2001,8,Dalla Nuova Circonvallazione ai confini del Comune,521,5,742,2001-08-01
2001,8,Dalle Mura Spagnole alla Nuova Circonvallazione,240,2,344,2001-08-01
2001,8,Entro la Cerchia dei Navigli,18,0,23,2001-08-01
2001,8,Senza indicazioni,24,0,37,2001-08-01
2001,9,Dalla Cerchia dei Navigli alle Mura Spagnole,111,0,163,2001-09-01
2001,9,Dalla Nuova Circonvallazione ai confini del Comune,891,4,1264,2001-09-01
2001,9,Dalle Mura Spagnole alla Nuova Circonvallazione,405,2,527,2001-09-01
2001,9,Entro la Cerchia dei Navigli,34,0,39,2001-09-01
2001,9,Senza indicazioni,50,0,82,2001-09-01
2001,10,Dalla Cerchia dei Navigli alle Mura Spagnole,126,1,159,2001-10-01
2001,10,Dalla Nuova Circonvallazione ai confini del Comune,978,4,1306,2001-10-01
2001,10,Dalle Mura Spagnole alla Nuova Circonvallazione,461,1,649,2001-10-01
2001,10,Entro la Cerchia dei Navigli,46,0,57,2001-10-01
2001,10,Senza indicazioni,64,0,91,2001-10-01
2001,11,Dalla Cerchia dei Navigli alle Mura Spagnole,136,0,187,2001-11-01
2001,11,Dalla Nuova Circonvallazione ai confini del Comune,894,5,1248,2001-11-01
2001,11,Dalle Mura Spagnole alla Nuova Circonvallazione,452,1,611,2001-11-01
2001,11,Entro la Cerchia dei Navigli,35,0,37,2001-11-01
2001,11,Senza indicazioni,66,0,87,2001-11-01
2001,12,Dalla Cerchia dei Navigli alle Mura Spagnole,103,0,130,2001-12-01
2001,12,Dalla Nuova Circonvallazione ai confini del Comune,834,5,1156,2001-12-01
2001,12,Dalle Mura Spagnole alla Nuova Circonvallazione,419,0,573,2001-12-01
2001,12,Entro la Cerchia dei Navigli,47,0,61,2001-12-01
2001,12,Senza indicazioni,53,0,81,2001-12-01
2002,1,Dalla Cerchia dei Navigli alle Mura Spagnole,89,0,123,2002-01-01
2002,1,Dalla Nuova Circonvallazione ai confini del Comune,727,5,1036,2002-01-01
2002,1,Dalle Mura Spagnole alla Nuova Circonvallazione,345,2,442,2002-01-01
2002,1,Entro la Cerchia dei Navigli,34,0,47,2002-01-01
2002,1,Senza indicazioni,41,0,51,2002-01-01
2002,2,Dalla Cerchia dei Navigli alle Mura Spagnole,77,2,104,2002-02-01
2002,2,Dalla Nuova Circonvallazione ai confini del Comune,716,7,953,2002-02-01
2002,2,Dalle Mura Spagnole alla Nuova Circonvallazione,304,2,420,2002-02-01
2002,2,Entro la Cerchia dei Navigli,41,0,44,2002-02-01
2002,2,Senza indicazioni,54,0,73,2002-02-01
2002,3,Dalla Cerchia dei Navigli alle Mura Spagnole,96,0,130,2002-03-01
2002,3,Dalla Nuova Circonvallazione ai confini del Comune,820,2,1174,2002-03-01
2002,3,Dalle Mura Spagnole alla Nuova Circonvallazione,413,1,566,2002-03-01
2002,3,Entro la Cerchia dei Navigli,56,0,69,2002-03-01
2002,3,Senza indicazioni,50,0,82,2002-03-01
2002,4,Dalla Cerchia dei Navigli alle Mura Spagnole,86,1,112,2002-04-01
2002,4,Dalla Nuova Circonvallazione ai confini del Comune,853,6,1225,2002-04-01
2002,4,Dalle Mura Spagnole alla Nuova Circonvallazione,395,3,564,2002-04-01
2002,4,Entro la Cerchia dei Navigli,50,0,59,2002-04-01
2002,4,Senza indicazioni,55,0,79,2002-04-01
2002,5,Dalla Cerchia dei Navigli alle Mura Spagnole,98,0,122,2002-05-01
2002,5,Dalla Nuova Circonvallazione ai confini del Comune,940,3,1323,2002-05-01
2002,5,Dalle Mura Spagnole alla Nuova Circonvallazione,459,2,607,2002-05-01
2002,5,Entro la Cerchia dei Navigli,66,0,77,2002-05-01
2002,5,Senza indicazioni,63,1,84,2002-05-01
2002,6,Dalla Cerchia dei Navigli alle Mura Spagnole,87,0,118,2002-06-01
2002,6,Dalla Nuova Circonvallazione ai confini del Comune,890,5,1219,2002-06-01
2002,6,Dalle Mura Spagnole alla Nuova Circonvallazione,444,2,590,2002-06-01
2002,6,Entro la Cerchia dei Navigli,37,0,40,2002-06-01
2002,6,Senza indicazioni,61,0,80,2002-06-01
2002,7,Dalla Cerchia dei Navigli alle Mura Spagnole,96,0,126,2002-07-01
2002,7,Dalla Nuova Circonvallazione ai confini del Comune,999,6,1360,2002-07-01
2002,7,Dalle Mura Spagnole alla Nuova Circonvallazione,463,0,620,2002-07-01
2002,7,Entro la Cerchia dei Navigli,44,0,54,2002-07-01
2002,7,Senza indicazioni,89,2,127,2002-07-01
2002,8,Dalla Cerchia dei Navigli alle Mura Spagnole,46,0,66,2002-08-01
2002,8,Dalla Nuova Circonvallazione ai confini del Comune,477,2,711,2002-08-01
2002,8,Dalle Mura Spagnole alla Nuova Circonvallazione,210,3,287,2002-08-01
2002,8,Entro la Cerchia dei Navigli,18,0,19,2002-08-01
2002,8,Senza indicazioni,41,0,58,2002-08-01
2002,9,Dalla Cerchia dei Navigli alle Mura Spagnole,112,0,136,2002-09-01
2002,9,Dalla Nuova Circonvallazione ai confini del Comune,877,5,1202,2002-09-01
2002,9,Dalle Mura Spagnole alla Nuova Circonvallazione,421,0,580,2002-09-01
2002,9,Entro la Cerchia dei Navigli,41,0,50,2002-09-01
2002,9,Senza indicazioni,85,0,114,2002-09-01
2002,10,Dalla Cerchia dei Navigli alle Mura Spagnole,114,0,162,2002-10-01
2002,10,Dalla Nuova Circonvallazione ai confini del Comune,903,2,1232,2002-10-01
2002,10,Dalle Mura Spagnole alla Nuova Circonvallazione,462,1,610,2002-10-01
2002,10,Entro la Cerchia dei Navigli,60,0,66,2002-10-01
2002,10,Senza indicazioni,239,2,317,2002-10-01
2002,11,Dalla Cerchia dei Navigli alle Mura Spagnole,123,1,155,2002-11-01
2002,11,Dalla Nuova Circonvallazione ai confini del Comune,635,0,862,2002-11-01
2002,11,Dalle Mura Spagnole alla Nuova Circonvallazione,350,1,477,2002-11-01
2002,11,Entro la Cerchia dei Navigli,51,0,72,2002-11-01
2002,11,Senza indicazioni,541,6,759,2002-11-01
2002,12,Dalla Cerchia dei Navigli alle Mura Spagnole,66,0,89,2002-12-01
2002,12,Dalla Nuova Circonvallazione ai confini del Comune,113,0,154,2002-12-01
2002,12,Dalle Mura Spagnole alla Nuova Circonvallazione,90,0,111,2002-12-01
2002,12,Entro la Cerchia dei Navigli,34,0,47,2002-12-01
2002,12,Senza indicazioni,1120,1,1607,2002-12-01
2003,1,Dalla Cerchia dei Navigli alle Mura Spagnole,84,0,124,2003-01-01
2003,1,Dalla Nuova Circonvallazione ai confini del Comune,733,1,1023,2003-01-01
2003,1,Dalle Mura Spagnole alla Nuova Circonvallazione,326,0,446,2003-01-01
2003,1,Entro la Cerchia dei Navigli,48,1,57,2003-01-01
2003,1,Senza indicazioni,45,0,84,2003-01-01
2003,2,Dalla Cerchia dei Navigli alle Mura Spagnole,69,0,83,2003-02-01
2003,2,Dalla Nuova Circonvallazione ai confini del Comune,619,2,846,2003-02-01
2003,2,Dalle Mura Spagnole alla Nuova Circonvallazione,376,3,542,2003-02-01
2003,2,Entro la Cerchia dei Navigli,34,0,37,2003-02-01
2003,2,Senza indicazioni,48,0,70,2003-02-01
2003,3,Dalla Cerchia dei Navigli alle Mura Spagnole,101,0,132,2003-03-01
2003,3,Dalla Nuova Circonvallazione ai confini del Comune,848,6,1195,2003-03-01
2003,3,Dalle Mura Spagnole alla Nuova Circonvallazione,440,2,596,2003-03-01
2003,3,Entro la Cerchia dei Navigli,33,0,37,2003-03-01
2003,3,Senza indicazioni,57,0,85,2003-03-01
2003,4,Dalla Cerchia dei Navigli alle Mura Spagnole,94,0,137,2003-04-01
2003,4,Dalla Nuova Circonvallazione ai confini del Comune,802,5,1086,2003-04-01
2003,4,Dalle Mura Spagnole alla Nuova Circonvallazione,406,0,550,2003-04-01
2003,4,Entro la Cerchia dei Navigli,37,0,41,2003-04-01
2003,4,Senza indicazioni,68,0,87,2003-04-01
2003,5,Dalla Cerchia dei Navigli alle Mura Spagnole,101,0,120,2003-05-01
2003,5,Dalla Nuova Circonvallazione ai confini del Comune,1029,7,1422,2003-05-01
2003,5,Dalle Mura Spagnole alla Nuova Circonvallazione,482,2,656,2003-05-01
2003,5,Entro la Cerchia dei Navigli,63,0,69,2003-05-01
2003,5,Senza indicazioni,74,1,91,2003-05-01
2003,6,Dalla Cerchia dei Navigli alle Mura Spagnole,85,0,103,2003-06-01
2003,6,Dalla Nuova Circonvallazione ai confini del Comune,966,10,1313,2003-06-01
2003,6,Dalle Mura Spagnole alla Nuova Circonvallazione,454,1,597,2003-06-01
2003,6,Entro la Cerchia dei Navigli,54,0,61,2003-06-01
2003,6,Senza indicazioni,68,1,89,2003-06-01
2003,7,Dalla Cerchia dei Navigli alle Mura Spagnole,93,0,112,2003-07-01
2003,7,Dalla Nuova Circonvallazione ai confini del Comune,855,4,1117,2003-07-01
2003,7,Dalle Mura Spagnole alla Nuova Circonvallazione,381,0,470,2003-07-01
2003,7,Entro la Cerchia dei Navigli,39,0,45,2003-07-01
2003,7,Senza indicazioni,55,0,62,2003-07-01
2003,8,Dalla Cerchia dei Navigli alle Mura Spagnole,22,0,24,2003-08-01
2003,8,Dalla Nuova Circonvallazione ai confini del Comune,459,4,641,2003-08-01
2003,8,Dalle Mura Spagnole alla Nuova Circonvallazione,174,1,249,2003-08-01
2003,8,Entro la Cerchia dei Navigli,20,0,23,2003-08-01
2003,8,Senza indicazioni,24,0,24,2003-08-01
2003,9,Dalla Cerchia dei Navigli alle Mura Spagnole,100,0,128,2003-09-01
2003,9,Dalla Nuova Circonvallazione ai confini del Comune,802,8,1065,2003-09-01
2003,9,Dalle Mura Spagnole alla Nuova Circonvallazione,399,1,514,2003-09-01
2003,9,Entro la Cerchia dei Navigli,46,0,55,2003-09-01
2003,9,Senza indicazioni,57,0,77,2003-09-01
2003,10,Dalla Cerchia dei Navigli alle Mura Spagnole,116,0,148,2003-10-01
2003,10,Dalla Nuova Circonvallazione ai confini del Comune,1007,5,1325,2003-10-01
2003,10,Dalle Mura Spagnole alla Nuova Circonvallazione,455,0,610,2003-10-01
2003,10,Entro la Cerchia dei Navigli,67,0,75,2003-10-01
2003,10,Senza indicazioni,61,0,88,2003-10-01
2003,11,Dalla Cerchia dei Navigli alle Mura Spagnole,79,0,104,2003-11-01
2003,11,Dalla Nuova Circonvallazione ai confini del Comune,824,4,1113,2003-11-01
2003,11,Dalle Mura Spagnole alla Nuova Circonvallazione,428,1,564,2003-11-01
2003,11,Entro la Cerchia dei Navigli,56,1,66,2003-11-01
2003,11,Senza indicazioni,50,1,66,2003-11-01
2003,12,Dalla Cerchia dei Navigli alle Mura Spagnole,90,0,124,2003-12-01
2003,12,Dalla Nuova Circonvallazione ai confini del Comune,853,0,1144,2003-12-01
2003,12,Dalle Mura Spagnole alla Nuova Circonvallazione,360,0,473,2003-12-01
2003,12,Entro la Cerchia dei Navigli,39,0,47,2003-12-01
2003,12,Senza indicazioni,64,0,90,2003-12-01
2004,1,Dalla Cerchia dei Navigli alle Mura Spagnole,89,1,103,2004-01-01
2004,1,Dalla Nuova Circonvallazione ai confini del Comune,704,3,994,2004-01-01
2004,1,Dalle Mura Spagnole alla Nuova Circonvallazione,344,2,441,2004-01-01
2004,1,Entro la Cerchia dei Navigli,35,0,36,2004-01-01
2004,1,Senza indicazioni,39,0,61,2004-01-01
2004,2,Dalla Cerchia dei Navigli alle Mura Spagnole,72,0,82,2004-02-01
2004,2,Dalla Nuova Circonvallazione ai confini del Comune,685,3,967,2004-02-01
2004,2,Dalle Mura Spagnole alla Nuova Circonvallazione,295,2,392,2004-02-01
2004,2,Entro la Cerchia dei Navigli,38,0,43,2004-02-01
2004,2,Senza indicazioni,42,0,55,2004-02-01
2004,3,Dalla Cerchia dei Navigli alle Mura Spagnole,103,0,140,2004-03-01
2004,3,Dalla Nuova Circonvallazione ai confini del Comune,746,2,1018,2004-03-01
2004,3,Dalle Mura Spagnole alla Nuova Circonvallazione,360,0,469,2004-03-01
2004,3,Entro la Cerchia dei Navigli,34,0,40,2004-03-01
2004,3,Senza indicazioni,55,0,75,2004-03-01
2004,4,Dalla Cerchia dei Navigli alle Mura Spagnole,83,0,116,2004-04-01
2004,4,Dalla Nuova Circonvallazione ai confini del Comune,811,4,1115,2004-04-01
2004,4,Dalle Mura Spagnole alla Nuova Circonvallazione,391,2,517,2004-04-01
2004,4,Entro la Cerchia dei Navigli,40,0,47,2004-04-01
2004,4,Senza indicazioni,66,0,91,2004-04-01
2004,5,Dalla Cerchia dei Navigli alle Mura Spagnole,116,0,148,2004-05-01
2004,5,Dalla Nuova Circonvallazione ai confini del Comune,887,9,1189,2004-05-01
2004,5,Dalle Mura Spagnole alla Nuova Circonvallazione,462,0,621,2004-05-01
2004,5,Entro la Cerchia dei Navigli,50,0,65,2004-05-01
2004,5,Senza indicazioni,63,0,76,2004-05-01
2004,6,Dalla Cerchia dei Navigli alle Mura Spagnole,86,2,99,2004-06-01
2004,6,Dalla Nuova Circonvallazione ai confini del Comune,943,5,1255,2004-06-01
2004,6,Dalle Mura Spagnole alla Nuova Circonvallazione,446,2,638,2004-06-01
2004,6,Entro la Cerchia dei Navigli,44,0,56,2004-06-01
2004,6,Senza indicazioni,58,2,74,2004-06-01
2004,7,Dalla Cerchia dei Navigli alle Mura Spagnole,74,0,101,2004-07-01
2004,7,Dalla Nuova Circonvallazione ai confini del Comune,919,3,1219,2004-07-01
2004,7,Dalle Mura Spagnole alla Nuova Circonvallazione,414,1,537,2004-07-01
2004,7,Entro la Cerchia dei Navigli,51,0,55,2004-07-01
2004,7,Senza indicazioni,71,0,91,2004-07-01
2004,8,Dalla Cerchia dei Navigli alle Mura Spagnole,29,0,41,2004-08-01
2004,8,Dalla Nuova Circonvallazione ai confini del Comune,442,2,613,2004-08-01
2004,8,Dalle Mura Spagnole alla Nuova Circonvallazione,184,0,240,2004-08-01
2004,8,Entro la Cerchia dei Navigli,14,0,16,2004-08-01
2004,8,Senza indicazioni,30,0,37,2004-08-01
2004,9,Dalla Cerchia dei Navigli alle Mura Spagnole,86,0,109,2004-09-01
2004,9,Dalla Nuova Circonvallazione ai confini del Comune,862,5,1171,2004-09-01
2004,9,Dalle Mura Spagnole alla Nuova Circonvallazione,403,0,538,2004-09-01
2004,9,Entro la Cerchia dei Navigli,43,0,50,2004-09-01
2004,9,Senza indicazioni,66,1,88,2004-09-01
2004,10,Dalla Cerchia dei Navigli alle Mura Spagnole,121,2,152,2004-10-01
2004,10,Dalla Nuova Circonvallazione ai confini del Comune,954,6,1289,2004-10-01
2004,10,Dalle Mura Spagnole alla Nuova Circonvallazione,508,1,659,2004-10-01
2004,10,Entro la Cerchia dei Navigli,54,0,56,2004-10-01
2004,10,Senza indicazioni,73,0,100,2004-10-01
2004,11,Dalla Cerchia dei Navigli alle Mura Spagnole,74,0,102,2004-11-01
2004,11,Dalla Nuova Circonvallazione ai confini del Comune,767,6,1083,2004-11-01
2004,11,Dalle Mura Spagnole alla Nuova Circonvallazione,429,2,554,2004-11-01
2004,11,Entro la Cerchia dei Navigli,46,0,52,2004-11-01
2004,11,Senza indicazioni,59,0,80,2004-11-01
2004,12,Dalla Cerchia dei Navigli alle Mura Spagnole,77,0,98,2004-12-01
2004,12,Dalla Nuova Circonvallazione ai confini del Comune,785,3,1109,2004-12-01
2004,12,Dalle Mura Spagnole alla Nuova Circonvallazione,389,4,502,2004-12-01
2004,12,Entro la Cerchia dei Navigli,45,0,54,2004-12-01
2004,12,Senza indicazioni,60,0,84,2004-12-01
2005,1,Dalla Cerchia dei Navigli alle Mura Spagnole,68,1,87,2005-01-01
2005,1,Dalla Nuova Circonvallazione ai confini del Comune,625,6,870,2005-01-01
2005,1,Dalle Mura Spagnole alla Nuova Circonvallazione,305,1,434,2005-01-01
2005,1,Entro la Cerchia dei Navigli,29,0,35,2005-01-01
2005,1,Senza indicazioni,41,0,56,2005-01-01
2005,2,Dalla Cerchia dei Navigli alle Mura Spagnole,68,1,95,2005-02-01
2005,2,Dalla Nuova Circonvallazione ai confini del Comune,621,6,832,2005-02-01
2005,2,Dalle Mura Spagnole alla Nuova Circonvallazione,326,3,469,2005-02-01
2005,2,Entro la Cerchia dei Navigli,33,0,33,2005-02-01
2005,2,Senza indicazioni,50,0,64,2005-02-01
2005,3,Dalla Cerchia dei Navigli alle Mura Spagnole,66,1,76,2005-03-01
2005,3,Dalla Nuova Circonvallazione ai confini del Comune,714,8,970,2005-03-01
2005,3,Dalle Mura Spagnole alla Nuova Circonvallazione,320,1,406,2005-03-01
2005,3,Entro la Cerchia dei Navigli,28,0,30,2005-03-01
2005,3,Senza indicazioni,57,0,82,2005-03-01
2005,4,Dalla Cerchia dei Navigli alle Mura Spagnole,90,0,118,2005-04-01
2005,4,Dalla Nuova Circonvallazione ai confini del Comune,740,4,991,2005-04-01
2005,4,Dalle Mura Spagnole alla Nuova Circonvallazione,384,0,506,2005-04-01
2005,4,Entro la Cerchia dei Navigli,36,1,40,2005-04-01
2005,4,Senza indicazioni,59,0,82,2005-04-01
2005,5,Dalla Cerchia dei Navigli alle Mura Spagnole,97,0,137,2005-05-01
2005,5,Dalla Nuova Circonvallazione ai confini del Comune,884,6,1186,2005-05-01
2005,5,Dalle Mura Spagnole alla Nuova Circonvallazione,420,1,550,2005-05-01
2005,5,Entro la Cerchia dei Navigli,60,0,70,2005-05-01
2005,5,Senza indicazioni,79,0,95,2005-05-01
2005,6,Dalla Cerchia dei Navigli alle Mura Spagnole,87,1,105,2005-06-01
2005,6,Dalla Nuova Circonvallazione ai confini del Comune,827,2,1136,2005-06-01
2005,6,Dalle Mura Spagnole alla Nuova Circonvallazione,421,1,559,2005-06-01
2005,6,Entro la Cerchia dei Navigli,40,0,51,2005-06-01
2005,6,Senza indicazioni,61,0,78,2005-06-01
2005,7,Dalla Cerchia dei Navigli alle Mura Spagnole,84,0,110,2005-07-01
2005,7,Dalla Nuova Circonvallazione ai confini del Comune,847,3,1135,2005-07-01
2005,7,Dalle Mura Spagnole alla Nuova Circonvallazione,398,0,533,2005-07-01
2005,7,Entro la Cerchia dei Navigli,35,0,41,2005-07-01
2005,7,Senza indicazioni,61,2,80,2005-07-01
2005,8,Dalla Cerchia dei Navigli alle Mura Spagnole,34,0,47,2005-08-01
2005,8,Dalla Nuova Circonvallazione ai confini del Comune,505,4,679,2005-08-01
2005,8,Dalle Mura Spagnole alla Nuova Circonvallazione,198,0,266,2005-08-01
2005,8,Entro la Cerchia dei Navigli,20,0,26,2005-08-01
2005,8,Senza indicazioni,39,0,51,2005-08-01
2005,9,Dalla Cerchia dei Navigli alle Mura Spagnole,101,1,125,2005-09-01
2005,9,Dalla Nuova Circonvallazione ai confini del Comune,811,7,1096,2005-09-01
2005,9,Dalle Mura Spagnole alla Nuova Circonvallazione,333,2,434,2005-09-01
2005,9,Entro la Cerchia dei Navigli,33,0,36,2005-09-01
2005,9,Senza indicazioni,64,0,96,2005-09-01
2005,10,Dalla Cerchia dei Navigli alle Mura Spagnole,88,1,113,2005-10-01
2005,10,Dalla Nuova Circonvallazione ai confini del Comune,796,5,1069,2005-10-01
2005,10,Dalle Mura Spagnole alla Nuova Circonvallazione,410,1,538,2005-10-01
2005,10,Entro la Cerchia dei Navigli,50,0,62,2005-10-01
2005,10,Senza indicazioni,64,0,89,2005-10-01
2005,11,Dalla Cerchia dei Navigli alle Mura Spagnole,95,1,123,2005-11-01
2005,11,Dalla Nuova Circonvallazione ai confini del Comune,823,2,1096,2005-11-01
2005,11,Dalle Mura Spagnole alla Nuova Circonvallazione,415,0,563,2005-11-01
2005,11,Entro la Cerchia dei Navigli,43,0,48,2005-11-01
2005,11,Senza indicazioni,79,2,124,2005-11-01
2005,12,Dalla Cerchia dei Navigli alle Mura Spagnole,77,0,106,2005-12-01
2005,12,Dalla Nuova Circonvallazione ai confini del Comune,632,4,895,2005-12-01
2005,12,Dalle Mura Spagnole alla Nuova Circonvallazione,318,3,437,2005-12-01
2005,12,Entro la Cerchia dei Navigli,30,0,38,2005-12-01
2005,12,Senza indicazioni,62,1,84,2005-12-01
2006,1,Dalla Cerchia dei Navigli alle Mura Spagnole,106,1,129,2006-01-01
2006,1,Dalla Nuova Circonvallazione ai confini del Comune,672,5,919,2006-01-01
2006,1,Dalle Mura Spagnole alla Nuova Circonvallazione,336,1,470,2006-01-01
2006,1,Entro la Cerchia dei Navigli,43,0,48,2006-01-01
2006,1,Senza indicazioni,50,1,62,2006-01-01
2006,2,Dalla Cerchia dei Navigli alle Mura Spagnole,50,2,64,2006-02-01
2006,2,Dalla Nuova Circonvallazione ai confini del Comune,555,9,755,2006-02-01
2006,2,Dalle Mura Spagnole alla Nuova Circonvallazione,268,2,346,2006-02-01
2006,2,Entro la Cerchia dei Navigli,27,0,32,2006-02-01
2006,2,Senza indicazioni,40,2,52,2006-02-01
2006,3,Dalla Cerchia dei Navigli alle Mura Spagnole,70,0,98,2006-03-01
2006,3,Dalla Nuova Circonvallazione ai confini del Comune,749,2,1013,2006-03-01
2006,3,Dalle Mura Spagnole alla Nuova Circonvallazione,370,2,469,2006-03-01
2006,3,Entro la Cerchia dei Navigli,28,0,34,2006-03-01
2006,3,Senza indicazioni,79,0,105,2006-03-01
2006,4,Dalla Cerchia dei Navigli alle Mura Spagnole,93,2,118,2006-04-01
2006,4,Dalla Nuova Circonvallazione ai confini del Comune,667,1,914,2006-04-01
2006,4,Dalle Mura Spagnole alla Nuova Circonvallazione,332,1,470,2006-04-01
2006,4,Entro la Cerchia dei Navigli,34,0,40,2006-04-01
2006,4,Senza indicazioni,48,1,61,2006-04-01
2006,5,Dalla Cerchia dei Navigli alle Mura Spagnole,93,0,117,2006-05-01
2006,5,Dalla Nuova Circonvallazione ai confini del Comune,781,2,1041,2006-05-01
2006,5,Dalle Mura Spagnole alla Nuova Circonvallazione,424,3,571,2006-05-01
2006,5,Entro la Cerchia dei Navigli,42,0,51,2006-05-01
2006,5,Senza indicazioni,71,1,102,2006-05-01
2006,6,Dalla Cerchia dei Navigli alle Mura Spagnole,99,0,123,2006-06-01
2006,6,Dalla Nuova Circonvallazione ai confini del Comune,871,5,1150,2006-06-01
2006,6,Dalle Mura Spagnole alla Nuova Circonvallazione,390,2,520,2006-06-01
2006,6,Entro la Cerchia dei Navigli,43,0,53,2006-06-01
2006,6,Senza indicazioni,62,0,79,2006-06-01
2006,7,Dalla Cerchia dei Navigli alle Mura Spagnole,78,0,109,2006-07-01
2006,7,Dalla Nuova Circonvallazione ai confini del Comune,794,10,1093,2006-07-01
2006,7,Dalle Mura Spagnole alla Nuova Circonvallazione,376,4,487,2006-07-01
2006,7,Entro la Cerchia dei Navigli,34,0,40,2006-07-01
2006,7,Senza indicazioni,60,0,74,2006-07-01
2006,8,Dalla Cerchia dei Navigli alle Mura Spagnole,40,0,47,2006-08-01
2006,8,Dalla Nuova Circonvallazione ai confini del Comune,428,2,628,2006-08-01
2006,8,Dalle Mura Spagnole alla Nuova Circonvallazione,170,3,249,2006-08-01
2006,8,Entro la Cerchia dei Navigli,15,0,16,2006-08-01
2006,8,Senza indicazioni,29,0,40,2006-08-01
2006,9,Dalla Cerchia dei Navigli alle Mura Spagnole,71,0,91,2006-09-01
2006,9,Dalla Nuova Circonvallazione ai confini del Comune,743,3,1027,2006-09-01
2006,9,Dalle Mura Spagnole alla Nuova Circonvallazione,360,1,464,2006-09-01
2006,9,Entro la Cerchia dei Navigli,39,0,47,2006-09-01
2006,9,Senza indicazioni,50,0,73,2006-09-01
2006,10,Dalla Cerchia dei Navigli alle Mura Spagnole,93,0,121,2006-10-01
2006,10,Dalla Nuova Circonvallazione ai confini del Comune,835,5,1129,2006-10-01
2006,10,Dalle Mura Spagnole alla Nuova Circonvallazione,441,2,550,2006-10-01
2006,10,Entro la Cerchia dei Navigli,40,1,47,2006-10-01
2006,10,Senza indicazioni,62,0,82,2006-10-01
2006,11,Dalla Cerchia dei Navigli alle Mura Spagnole,89,0,111,2006-11-01
2006,11,Dalla Nuova Circonvallazione ai confini del Comune,791,3,1098,2006-11-01
2006,11,Dalle Mura Spagnole alla Nuova Circonvallazione,435,1,585,2006-11-01
2006,11,Entro la Cerchia dei Navigli,53,0,65,2006-11-01
2006,11,Senza indicazioni,68,0,91,2006-11-01
2006,12,Dalla Cerchia dei Navigli alle Mura Spagnole,83,0,111,2006-12-01
2006,12,Dalla Nuova Circonvallazione ai confini del Comune,751,4,1014,2006-12-01
2006,12,Dalle Mura Spagnole alla Nuova Circonvallazione,348,3,470,2006-12-01
2006,12,Entro la Cerchia dei Navigli,27,0,32,2006-12-01
2006,12,Senza indicazioni,56,0,73,2006-12-01
2007,1,Dalla Cerchia dei Navigli alle Mura Spagnole,81,0,104,2007-01-01
2007,1,Dalla Nuova Circonvallazione ai confini del Comune,636,3,858,2007-01-01
2007,1,Dalle Mura Spagnole alla Nuova Circonvallazione,312,1,405,2007-01-01
2007,1,Entro la Cerchia dei Navigli,41,0,50,2007-01-01
2007,1,Senza indicazioni,53,0,62,2007-01-01
2007,2,Dalla Cerchia dei Navigli alle Mura Spagnole,63,0,76,2007-02-01
2007,2,Dalla Nuova Circonvallazione ai confini del Comune,606,6,867,2007-02-01
2007,2,Dalle Mura Spagnole alla Nuova Circonvallazione,321,1,436,2007-02-01
2007,2,Entro la Cerchia dei Navigli,32,0,33,2007-02-01
2007,2,Senza indicazioni,36,1,51,2007-02-01
2007,3,Dalla Cerchia dei Navigli alle Mura Spagnole,83,1,98,2007-03-01
2007,3,Dalla Nuova Circonvallazione ai confini del Comune,743,8,988,2007-03-01
2007,3,Dalle Mura Spagnole alla Nuova Circonvallazione,347,3,464,2007-03-01
2007,3,Entro la Cerchia dei Navigli,39,0,50,2007-03-01
2007,3,Senza indicazioni,59,0,75,2007-03-01
2007,4,Dalla Cerchia dei Navigli alle Mura Spagnole,54,1,67,2007-04-01
2007,4,Dalla Nuova Circonvallazione ai confini del Comune,731,4,1027,2007-04-01
2007,4,Dalle Mura Spagnole alla Nuova Circonvallazione,328,1,447,2007-04-01
2007,4,Entro la Cerchia dei Navigli,26,0,41,2007-04-01
2007,4,Senza indicazioni,52,0,61,2007-04-01
2007,5,Dalla Cerchia dei Navigli alle Mura Spagnole,93,0,120,2007-05-01
2007,5,Dalla Nuova Circonvallazione ai confini del Comune,803,3,1099,2007-05-01
2007,5,Dalle Mura Spagnole alla Nuova Circonvallazione,389,3,496,2007-05-01
2007,5,Entro la Cerchia dei Navigli,39,0,52,2007-05-01
2007,5,Senza indicazioni,60,0,77,2007-05-01
2007,6,Dalla Cerchia dei Navigli alle Mura Spagnole,89,2,108,2007-06-01
2007,6,Dalla Nuova Circonvallazione ai confini del Comune,757,3,1044,2007-06-01
2007,6,Dalle Mura Spagnole alla Nuova Circonvallazione,385,2,507,2007-06-01
2007,6,Entro la Cerchia dei Navigli,29,0,43,2007-06-01
2007,6,Senza indicazioni,55,1,76,2007-06-01
2007,7,Dalla Cerchia dei Navigli alle Mura Spagnole,84,0,102,2007-07-01
2007,7,Dalla Nuova Circonvallazione ai confini del Comune,832,6,1149,2007-07-01
2007,7,Dalle Mura Spagnole alla Nuova Circonvallazione,342,3,447,2007-07-01
2007,7,Entro la Cerchia dei Navigli,38,0,47,2007-07-01
2007,7,Senza indicazioni,40,0,52,2007-07-01
2007,8,Dalla Cerchia dei Navigli alle Mura Spagnole,26,0,36,2007-08-01
2007,8,Dalla Nuova Circonvallazione ai confini del Comune,398,7,551,2007-08-01
2007,8,Dalle Mura Spagnole alla Nuova Circonvallazione,167,0,238,2007-08-01
2007,8,Entro la Cerchia dei Navigli,21,0,24,2007-08-01
2007,8,Senza indicazioni,26,0,35,2007-08-01
2007,9,Dalla Cerchia dei Navigli alle Mura Spagnole,79,0,96,2007-09-01
2007,9,Dalla Nuova Circonvallazione ai confini del Comune,794,4,1077,2007-09-01
2007,9,Dalle Mura Spagnole alla Nuova Circonvallazione,345,0,436,2007-09-01
2007,9,Entro la Cerchia dei Navigli,42,0,50,2007-09-01
2007,9,Senza indicazioni,47,0,56,2007-09-01
2007,10,Dalla Cerchia dei Navigli alle Mura Spagnole,88,0,115,2007-10-01
2007,10,Dalla Nuova Circonvallazione ai confini del Comune,784,5,1014,2007-10-01
2007,10,Dalle Mura Spagnole alla Nuova Circonvallazione,408,4,507,2007-10-01
2007,10,Entro la Cerchia dei Navigli,45,0,56,2007-10-01
2007,10,Senza indicazioni,45,0,58,2007-10-01
2007,11,Dalla Cerchia dei Navigli alle Mura Spagnole,86,0,101,2007-11-01
2007,11,Dalla Nuova Circonvallazione ai confini del Comune,756,7,994,2007-11-01
2007,11,Dalle Mura Spagnole alla Nuova Circonvallazione,376,1,530,2007-11-01
2007,11,Entro la Cerchia dei Navigli,31,0,33,2007-11-01
2007,11,Senza indicazioni,53,0,73,2007-11-01
2007,12,Dalla Cerchia dei Navigli alle Mura Spagnole,74,0,97,2007-12-01
2007,12,Dalla Nuova Circonvallazione ai confini del Comune,634,0,853,2007-12-01
2007,12,Dalle Mura Spagnole alla Nuova Circonvallazione,283,1,381,2007-12-01
2007,12,Entro la Cerchia dei Navigli,42,0,52,2007-12-01
2007,12,Senza indicazioni,48,0,65,2007-12-01
2008,1,Dalla Cerchia dei Navigli alle Mura Spagnole,50,0,72,2008-01-01
2008,1,Dalla Nuova Circonvallazione ai confini del Comune,618,3,873,2008-01-01
2008,1,Dalle Mura Spagnole alla Nuova Circonvallazione,263,1,363,2008-01-01
2008,1,Entro la Cerchia dei Navigli,23,1,31,2008-01-01
2008,1,Senza indicazioni,36,2,55,2008-01-01
2008,2,Dalla Cerchia dei Navigli alle Mura Spagnole,80,1,147,2008-02-01
2008,2,Dalla Nuova Circonvallazione ai confini del Comune,634,3,873,2008-02-01
2008,2,Dalle Mura Spagnole alla Nuova Circonvallazione,298,1,379,2008-02-01
2008,2,Entro la Cerchia dei Navigli,24,0,28,2008-02-01
2008,2,Senza indicazioni,43,1,61,2008-02-01
2008,3,Dalla Cerchia dei Navigli alle Mura Spagnole,61,0,73,2008-03-01
2008,3,Dalla Nuova Circonvallazione ai confini del Comune,684,6,958,2008-03-01
2008,3,Dalle Mura Spagnole alla Nuova Circonvallazione,355,0,485,2008-03-01
2008,3,Entro la Cerchia dei Navigli,47,0,63,2008-03-01
2008,3,Senza indicazioni,31,0,42,2008-03-01
2008,4,Dalla Cerchia dei Navigli alle Mura Spagnole,71,0,90,2008-04-01
2008,4,Dalla Nuova Circonvallazione ai confini del Comune,746,2,1009,2008-04-01
2008,4,Dalle Mura Spagnole alla Nuova Circonvallazione,308,2,419,2008-04-01
2008,4,Entro la Cerchia dei Navigli,38,0,45,2008-04-01
2008,4,Senza indicazioni,48,0,67,2008-04-01
2008,5,Dalla Cerchia dei Navigli alle Mura Spagnole,60,0,78,2008-05-01
2008,5,Dalla Nuova Circonvallazione ai confini del Comune,707,7,980,2008-05-01
2008,5,Dalle Mura Spagnole alla Nuova Circonvallazione,308,2,434,2008-05-01
2008,5,Entro la Cerchia dei Navigli,27,0,28,2008-05-01
2008,5,Senza indicazioni,42,2,54,2008-05-01
2008,6,Dalla Cerchia dei Navigli alle Mura Spagnole,63,0,81,2008-06-01
2008,6,Dalla Nuova Circonvallazione ai confini del Comune,753,5,1030,2008-06-01
2008,6,Dalle Mura Spagnole alla Nuova Circonvallazione,305,1,402,2008-06-01
2008,6,Entro la Cerchia dei Navigli,37,0,48,2008-06-01
2008,6,Senza indicazioni,47,0,62,2008-06-01
2008,7,Dalla Cerchia dei Navigli alle Mura Spagnole,68,0,83,2008-07-01
2008,7,Dalla Nuova Circonvallazione ai confini del Comune,714,4,934,2008-07-01
2008,7,Dalle Mura Spagnole alla Nuova Circonvallazione,325,0,422,2008-07-01
2008,7,Entro la Cerchia dei Navigli,29,0,34,2008-07-01
2008,7,Senza indicazioni,42,1,57,2008-07-01
2008,8,Dalla Cerchia dei Navigli alle Mura Spagnole,23,1,26,2008-08-01
2008,8,Dalla Nuova Circonvallazione ai confini del Comune,377,1,522,2008-08-01
2008,8,Dalle Mura Spagnole alla Nuova Circonvallazione,146,2,188,2008-08-01
2008,8,Entro la Cerchia dei Navigli,6,0,13,2008-08-01
2008,8,Senza indicazioni,23,0,29,2008-08-01
2008,9,Dalla Cerchia dei Navigli alle Mura Spagnole,83,0,108,2008-09-01
2008,9,Dalla Nuova Circonvallazione ai confini del Comune,689,6,939,2008-09-01
2008,9,Dalle Mura Spagnole alla Nuova Circonvallazione,355,1,472,2008-09-01
2008,9,Entro la Cerchia dei Navigli,35,0,40,2008-09-01
2008,9,Senza indicazioni,36,1,45,2008-09-01
2008,10,Dalla Cerchia dei Navigli alle Mura Spagnole,79,0,106,2008-10-01
2008,10,Dalla Nuova Circonvallazione ai confini del Comune,807,7,1029,2008-10-01
2008,10,Dalle Mura Spagnole alla Nuova Circonvallazione,396,0,546,2008-10-01
2008,10,Entro la Cerchia dei Navigli,38,0,52,2008-10-01
2008,10,Senza indicazioni,58,0,82,2008-10-01
2008,11,Dalla Cerchia dei Navigli alle Mura Spagnole,92,0,111,2008-11-01
2008,11,Dalla Nuova Circonvallazione ai confini del Comune,683,2,904,2008-11-01
2008,11,Dalle Mura Spagnole alla Nuova Circonvallazione,362,0,464,2008-11-01
2008,11,Entro la Cerchia dei Navigli,39,0,44,2008-11-01
2008,11,Senza indicazioni,55,0,71,2008-11-01
2008,12,Dalla Cerchia dei Navigli alle Mura Spagnole,57,0,73,2008-12-01
2008,12,Dalla Nuova Circonvallazione ai confini del Comune,559,4,760,2008-12-01
2008,12,Dalle Mura Spagnole alla Nuova Circonvallazione,280,1,366,2008-12-01
2008,12,Entro la Cerchia dei Navigli,29,0,31,2008-12-01
2008,12,Senza indicazioni,37,1,51,2008-12-01
2009,1,Dalla Cerchia dei Navigli alle Mura Spagnole,60,0,78,2009-01-01
2009,1,Dalla Nuova Circonvallazione ai confini del Comune,501,1,696,2009-01-01
2009,1,Dalle Mura Spagnole alla Nuova Circonvallazione,224,0,287,2009-01-01
2009,1,Entro la Cerchia dei Navigli,35,0,42,2009-01-01
2009,1,Senza indicazioni,33,0,45,2009-01-01
2009,2,Dalla Cerchia dei Navigli alle Mura Spagnole,59,1,70,2009-02-01
2009,2,Dalla Nuova Circonvallazione ai confini del Comune,470,5,634,2009-02-01
2009,2,Dalle Mura Spagnole alla Nuova Circonvallazione,246,0,325,2009-02-01
2009,2,Entro la Cerchia dei Navigli,20,0,25,2009-02-01
2009,2,Senza indicazioni,31,0,42,2009-02-01
2009,3,Dalla Cerchia dei Navigli alle Mura Spagnole,83,0,102,2009-03-01
2009,3,Dalla Nuova Circonvallazione ai confini del Comune,634,1,863,2009-03-01
2009,3,Dalle Mura Spagnole alla Nuova Circonvallazione,321,0,402,2009-03-01
2009,3,Entro la Cerchia dei Navigli,36,0,39,2009-03-01
2009,3,Senza indicazioni,55,1,69,2009-03-01
2009,4,Dalla Cerchia dei Navigli alle Mura Spagnole,61,1,83,2009-04-01
2009,4,Dalla Nuova Circonvallazione ai confini del Comune,603,2,813,2009-04-01
2009,4,Dalle Mura Spagnole alla Nuova Circonvallazione,300,2,413,2009-04-01
2009,4,Entro la Cerchia dei Navigli,28,0,31,2009-04-01
2009,4,Senza indicazioni,52,1,75,2009-04-01
2009,5,Dalla Cerchia dei Navigli alle Mura Spagnole,70,0,94,2009-05-01
2009,5,Dalla Nuova Circonvallazione ai confini del Comune,717,1,929,2009-05-01
2009,5,Dalle Mura Spagnole alla Nuova Circonvallazione,372,1,469,2009-05-01
2009,5,Entro la Cerchia dei Navigli,29,0,32,2009-05-01
2009,5,Senza indicazioni,32,0,41,2009-05-01
2009,6,Dalla Cerchia dei Navigli alle Mura Spagnole,58,0,71,2009-06-01
2009,6,Dalla Nuova Circonvallazione ai confini del Comune,778,6,1069,2009-06-01
2009,6,Dalle Mura Spagnole alla Nuova Circonvallazione,341,1,462,2009-06-01
2009,6,Entro la Cerchia dei Navigli,28,0,38,2009-06-01
2009,6,Senza indicazioni,34,0,46,2009-06-01
2009,7,Dalla Cerchia dei Navigli alle Mura Spagnole,80,0,96,2009-07-01
2009,7,Dalla Nuova Circonvallazione ai confini del Comune,702,1,933,2009-07-01
2009,7,Dalle Mura Spagnole alla Nuova Circonvallazione,301,2,394,2009-07-01
2009,7,Entro la Cerchia dei Navigli,32,0,35,2009-07-01
2009,7,Senza indicazioni,52,0,68,2009-07-01
2009,8,Dalla Cerchia dei Navigli alle Mura Spagnole,30,0,48,2009-08-01
2009,8,Dalla Nuova Circonvallazione ai confini del Comune,380,4,562,2009-08-01
2009,8,Dalle Mura Spagnole alla Nuova Circonvallazione,135,2,181,2009-08-01
2009,8,Entro la Cerchia dei Navigli,14,0,15,2009-08-01
2009,8,Senza indicazioni,27,0,32,2009-08-01
2009,9,Dalla Cerchia dei Navigli alle Mura Spagnole,73,0,91,2009-09-01
2009,9,Dalla Nuova Circonvallazione ai confini del Comune,647,6,871,2009-09-01
2009,9,Dalle Mura Spagnole alla Nuova Circonvallazione,328,1,437,2009-09-01
2009,9,Entro la Cerchia dei Navigli,36,0,43,2009-09-01
2009,9,Senza indicazioni,45,0,66,2009-09-01
2009,10,Dalla Cerchia dei Navigli alle Mura Spagnole,84,0,99,2009-10-01
2009,10,Dalla Nuova Circonvallazione ai confini del Comune,732,3,992,2009-10-01
2009,10,Dalle Mura Spagnole alla Nuova Circonvallazione,347,0,462,2009-10-01
2009,10,Entro la Cerchia dei Navigli,57,0,74,2009-10-01
2009,10,Senza indicazioni,53,1,75,2009-10-01
2009,11,Dalla Cerchia dei Navigli alle Mura Spagnole,87,0,117,2009-11-01
2009,11,Dalla Nuova Circonvallazione ai confini del Comune,646,4,898,2009-11-01
2009,11,Dalle Mura Spagnole alla Nuova Circonvallazione,334,1,423,2009-11-01
2009,11,Entro la Cerchia dei Navigli,39,0,47,2009-11-01
2009,11,Senza indicazioni,44,0,63,2009-11-01
2009,12,Dalla Cerchia dei Navigli alle Mura Spagnole,55,0,74,2009-12-01
2009,12,Dalla Nuova Circonvallazione ai confini del Comune,542,0,732,2009-12-01
2009,12,Dalle Mura Spagnole alla Nuova Circonvallazione,262,2,353,2009-12-01
2009,12,Entro la Cerchia dei Navigli,19,0,21,2009-12-01
2009,12,Senza indicazioni,36,0,50,2009-12-01
2010,1,Dalla Cerchia dei Navigli alle Mura Spagnole,60,0,81,2010-01-01
2010,1,Dalla Nuova Circonvallazione ai confini del Comune,466,2,658,2010-01-01
2010,1,Dalle Mura Spagnole alla Nuova Circonvallazione,244,1,326,2010-01-01
2010,1,Entro la Cerchia dei Navigli,20,0,27,2010-01-01
2010,1,Senza indicazioni,39,4,46,2010-01-01
2010,2,Dalla Cerchia dei Navigli alle Mura Spagnole,49,0,64,2010-02-01
2010,2,Dalla Nuova Circonvallazione ai confini del Comune,458,1,644,2010-02-01
2010,2,Dalle Mura Spagnole alla Nuova Circonvallazione,268,3,356,2010-02-01
2010,2,Entro la Cerchia dei Navigli,33,0,42,2010-02-01
2010,2,Senza indicazioni,30,0,40,2010-02-01
2010,3,Dalla Cerchia dei Navigli alle Mura Spagnole,56,0,66,2010-03-01
2010,3,Dalla Nuova Circonvallazione ai confini del Comune,651,3,889,2010-03-01
2010,3,Dalle Mura Spagnole alla Nuova Circonvallazione,303,1,387,2010-03-01
2010,3,Entro la Cerchia dei Navigli,40,0,49,2010-03-01
2010,3,Senza indicazioni,57,0,80,2010-03-01
2010,4,Dalla Cerchia dei Navigli alle Mura Spagnole,72,1,87,2010-04-01
2010,4,Dalla Nuova Circonvallazione ai confini del Comune,662,3,902,2010-04-01
2010,4,Dalle Mura Spagnole alla Nuova Circonvallazione,306,0,416,2010-04-01
2010,4,Entro la Cerchia dei Navigli,25,0,34,2010-04-01
2010,4,Senza indicazioni,48,0,70,2010-04-01
2010,5,Dalla Cerchia dei Navigli alle Mura Spagnole,71,0,84,2010-05-01
2010,5,Dalla Nuova Circonvallazione ai confini del Comune,654,2,906,2010-05-01
2010,5,Dalle Mura Spagnole alla Nuova Circonvallazione,337,2,450,2010-05-01
2010,5,Entro la Cerchia dei Navigli,39,0,44,2010-05-01
2010,5,Senza indicazioni,53,0,68,2010-05-01
2010,6,Dalla Cerchia dei Navigli alle Mura Spagnole,69,0,89,2010-06-01
2010,6,Dalla Nuova Circonvallazione ai confini del Comune,684,3,930,2010-06-01
2010,6,Dalle Mura Spagnole alla Nuova Circonvallazione,298,1,387,2010-06-01
2010,6,Entro la Cerchia dei Navigli,29,0,32,2010-06-01
2010,6,Senza indicazioni,53,0,76,2010-06-01
2010,7,Dalla Cerchia dei Navigli alle Mura Spagnole,60,0,86,2010-07-01
2010,7,Dalla Nuova Circonvallazione ai confini del Comune,655,8,888,2010-07-01
2010,7,Dalle Mura Spagnole alla Nuova Circonvallazione,300,1,407,2010-07-01
2010,7,Entro la Cerchia dei Navigli,25,0,31,2010-07-01
2010,7,Senza indicazioni,33,0,38,2010-07-01
2010,8,Dalla Cerchia dei Navigli alle Mura Spagnole,13,0,19,2010-08-01
2010,8,Dalla Nuova Circonvallazione ai confini del Comune,346,1,501,2010-08-01
2010,8,Dalle Mura Spagnole alla Nuova Circonvallazione,134,2,192,2010-08-01
2010,8,Entro la Cerchia dei Navigli,10,0,11,2010-08-01
2010,8,Senza indicazioni,27,0,40,2010-08-01
2010,9,Dalla Cerchia dei Navigli alle Mura Spagnole,56,0,70,2010-09-01
2010,9,Dalla Nuova Circonvallazione ai confini del Comune,603,5,809,2010-09-01
2010,9,Dalle Mura Spagnole alla Nuova Circonvallazione,276,0,356,2010-09-01
2010,9,Entro la Cerchia dei Navigli,36,0,43,2010-09-01
2010,9,Senza indicazioni,51,0,69,2010-09-01
2010,10,Dalla Cerchia dei Navigli alle Mura Spagnole,77,0,97,2010-10-01
2010,10,Dalla Nuova Circonvallazione ai confini del Comune,655,1,904,2010-10-01
2010,10,Dalle Mura Spagnole alla Nuova Circonvallazione,335,1,446,2010-10-01
2010,10,Entro la Cerchia dei Navigli,33,0,40,2010-10-01
2010,10,Senza indicazioni,46,0,64,2010-10-01
2010,11,Dalla Cerchia dei Navigli alle Mura Spagnole,87,0,98,2010-11-01
2010,11,Dalla Nuova Circonvallazione ai confini del Comune,566,1,779,2010-11-01
2010,11,Dalle Mura Spagnole alla Nuova Circonvallazione,325,1,420,2010-11-01
2010,11,Entro la Cerchia dei Navigli,45,0,56,2010-11-01
2010,11,Senza indicazioni,52,1,76,2010-11-01
2010,12,Dalla Cerchia dei Navigli alle Mura Spagnole,51,0,62,2010-12-01
2010,12,Dalla Nuova Circonvallazione ai confini del Comune,518,3,703,2010-12-01
2010,12,Dalle Mura Spagnole alla Nuova Circonvallazione,248,1,325,2010-12-01
2010,12,Entro la Cerchia dei Navigli,29,0,37,2010-12-01
2010,12,Senza indicazioni,46,0,69,2010-12-01
2011,1,Dalla Cerchia dei Navigli alle Mura Spagnole,41,1,55,2011-01-01
2011,1,Dalla Nuova Circonvallazione ai confini del Comune,407,2,582,2011-01-01
2011,1,Dalle Mura Spagnole alla Nuova Circonvallazione,196,1,288,2011-01-01
2011,1,Entro la Cerchia dei Navigli,23,0,28,2011-01-01
2011,1,Senza indicazioni,34,0,45,2011-01-01
2011,2,Dalla Cerchia dei Navigli alle Mura Spagnole,46,0,59,2011-02-01
2011,2,Dalla Nuova Circonvallazione ai confini del Comune,479,2,651,2011-02-01
2011,2,Dalle Mura Spagnole alla Nuova Circonvallazione,249,0,324,2011-02-01
2011,2,Entro la Cerchia dei Navigli,13,0,14,2011-02-01
2011,2,Senza indicazioni,46,1,70,2011-02-01
2011,3,Dalla Cerchia dei Navigli alle Mura Spagnole,65,0,86,2011-03-01
2011,3,Dalla Nuova Circonvallazione ai confini del Comune,552,3,775,2011-03-01
2011,3,Dalle Mura Spagnole alla Nuova Circonvallazione,263,2,341,2011-03-01
2011,3,Entro la Cerchia dei Navigli,20,0,20,2011-03-01
2011,3,Senza indicazioni,95,0,129,2011-03-01
2011,4,Dalla Cerchia dei Navigli alle Mura Spagnole,56,0,70,2011-04-01
2011,4,Dalla Nuova Circonvallazione ai confini del Comune,493,1,654,2011-04-01
2011,4,Dalle Mura Spagnole alla Nuova Circonvallazione,285,0,375,2011-04-01
2011,4,Entro la Cerchia dei Navigli,28,0,35,2011-04-01
2011,4,Senza indicazioni,180,0,236,2011-04-01
2011,5,Dalla Cerchia dei Navigli alle Mura Spagnole,52,0,67,2011-05-01
2011,5,Dalla Nuova Circonvallazione ai confini del Comune,497,1,673,2011-05-01
2011,5,Dalle Mura Spagnole alla Nuova Circonvallazione,250,1,319,2011-05-01
2011,5,Entro la Cerchia dei Navigli,31,0,33,2011-05-01
2011,5,Senza indicazioni,347,1,459,2011-05-01
2011,6,Dalla Cerchia dei Navigli alle Mura Spagnole,45,0,55,2011-06-01
2011,6,Dalla Nuova Circonvallazione ai confini del Comune,379,1,506,2011-06-01
2011,6,Dalle Mura Spagnole alla Nuova Circonvallazione,191,0,263,2011-06-01
2011,6,Entro la Cerchia dei Navigli,21,0,26,2011-06-01
2011,6,Senza indicazioni,356,2,475,2011-06-01
2011,7,Dalla Cerchia dei Navigli alle Mura Spagnole,45,0,52,2011-07-01
2011,7,Dalla Nuova Circonvallazione ai confini del Comune,570,1,798,2011-07-01
2011,7,Dalle Mura Spagnole alla Nuova Circonvallazione,263,0,341,2011-07-01
2011,7,Entro la Cerchia dei Navigli,23,0,27,2011-07-01
2011,7,Senza indicazioni,32,0,40,2011-07-01
2011,8,Dalla Cerchia dei Navigli alle Mura Spagnole,17,0,20,2011-08-01
2011,8,Dalla Nuova Circonvallazione ai confini del Comune,317,4,432,2011-08-01
2011,8,Dalle Mura Spagnole alla Nuova Circonvallazione,128,0,177,2011-08-01
2011,8,Entro la Cerchia dei Navigli,13,0,14,2011-08-01
2011,8,Senza indicazioni,27,0,31,2011-08-01
2011,9,Dalla Cerchia dei Navigli alle Mura Spagnole,75,0,97,2011-09-01
2011,9,Dalla Nuova Circonvallazione ai confini del Comune,683,7,917,2011-09-01
2011,9,Dalle Mura Spagnole alla Nuova Circonvallazione,295,1,397,2011-09-01
2011,9,Entro la Cerchia dei Navigli,40,0,42,2011-09-01
2011,9,Senza indicazioni,52,0,67,2011-09-01
2011,10,Dalla Cerchia dei Navigli alle Mura Spagnole,65,0,78,2011-10-01
2011,10,Dalla Nuova Circonvallazione ai confini del Comune,676,7,922,2011-10-01
2011,10,Dalle Mura Spagnole alla Nuova Circonvallazione,367,2,469,2011-10-01
2011,10,Entro la Cerchia dei Navigli,37,0,41,2011-10-01
2011,10,Senza indicazioni,45,1,61,2011-10-01
2011,11,Dalla Cerchia dei Navigli alle Mura Spagnole,83,0,109,2011-11-01
2011,11,Dalla Nuova Circonvallazione ai confini del Comune,553,3,780,2011-11-01
2011,11,Dalle Mura Spagnole alla Nuova Circonvallazione,245,1,323,2011-11-01
2011,11,Entro la Cerchia dei Navigli,42,0,52,2011-11-01
2011,11,Senza indicazioni,43,0,68,2011-11-01
2011,12,Dalla Cerchia dei Navigli alle Mura Spagnole,58,0,63,2011-12-01
2011,12,Dalla Nuova Circonvallazione ai confini del Comune,526,1,742,2011-12-01
2011,12,Dalle Mura Spagnole alla Nuova Circonvallazione,260,1,343,2011-12-01
2011,12,Entro la Cerchia dei Navigli,24,0,27,2011-12-01
2011,12,Senza indicazioni,31,0,35,2011-12-01
2012,1,Dalla Cerchia dei Navigli alle Mura Spagnole,68,0,83,2012-01-01
2012,1,Dalla Nuova Circonvallazione ai confini del Comune,506,5,702,2012-01-01
2012,1,Dalle Mura Spagnole alla Nuova Circonvallazione,235,0,305,2012-01-01
2012,1,Entro la Cerchia dei Navigli,31,0,35,2012-01-01
2012,1,Senza indicazioni,44,0,70,2012-01-01
2012,2,Dalla Cerchia dei Navigli alle Mura Spagnole,36,0,41,2012-02-01
2012,2,Dalla Nuova Circonvallazione ai confini del Comune,427,0,593,2012-02-01
2012,2,Dalle Mura Spagnole alla Nuova Circonvallazione,188,1,246,2012-02-01
2012,2,Entro la Cerchia dei Navigli,19,0,23,2012-02-01
2012,2,Senza indicazioni,36,0,47,2012-02-01
2012,3,Dalla Cerchia dei Navigli alle Mura Spagnole,67,0,80,2012-03-01
2012,3,Dalla Nuova Circonvallazione ai confini del Comune,554,3,738,2012-03-01
2012,3,Dalle Mura Spagnole alla Nuova Circonvallazione,268,0,345,2012-03-01
2012,3,Entro la Cerchia dei Navigli,28,0,34,2012-03-01
2012,3,Senza indicazioni,36,0,41,2012-03-01
2012,4,Dalla Cerchia dei Navigli alle Mura Spagnole,34,0,37,2012-04-01
2012,4,Dalla Nuova Circonvallazione ai confini del Comune,503,3,710,2012-04-01
2012,4,Dalle Mura Spagnole alla Nuova Circonvallazione,216,2,290,2012-04-01
2012,4,Entro la Cerchia dei Navigli,16,1,17,2012-04-01
2012,4,Senza indicazioni,40,0,63,2012-04-01
2012,5,Dalla Cerchia dei Navigli alle Mura Spagnole,73,0,92,2012-05-01
2012,5,Dalla Nuova Circonvallazione ai confini del Comune,635,4,850,2012-05-01
2012,5,Dalle Mura Spagnole alla Nuova Circonvallazione,267,1,347,2012-05-01
2012,5,Entro la Cerchia dei Navigli,34,0,42,2012-05-01
2012,5,Senza indicazioni,38,0,53,2012-05-01
2012,6,Dalla Cerchia dei Navigli alle Mura Spagnole,55,0,65,2012-06-01
2012,6,Dalla Nuova Circonvallazione ai confini del Comune,571,5,761,2012-06-01
2012,6,Dalle Mura Spagnole alla Nuova Circonvallazione,288,2,380,2012-06-01
2012,6,Entro la Cerchia dei Navigli,22,0,26,2012-06-01
2012,6,Senza indicazioni,39,0,50,2012-06-01
2012,7,Dalla Cerchia dei Navigli alle Mura Spagnole,56,0,63,2012-07-01
2012,7,Dalla Nuova Circonvallazione ai confini del Comune,530,6,696,2012-07-01
2012,7,Dalle Mura Spagnole alla Nuova Circonvallazione,253,0,307,2012-07-01
2012,7,Entro la Cerchia dei Navigli,26,0,27,2012-07-01
2012,7,Senza indicazioni,37,0,48,2012-07-01
2012,8,Dalla Cerchia dei Navigli alle Mura Spagnole,18,0,22,2012-08-01
2012,8,Dalla Nuova Circonvallazione ai confini del Comune,326,2,444,2012-08-01
2012,8,Dalle Mura Spagnole alla Nuova Circonvallazione,129,0,179,2012-08-01
2012,8,Entro la Cerchia dei Navigli,12,0,14,2012-08-01
2012,8,Senza indicazioni,33,0,60,2012-08-01
2012,9,Dalla Cerchia dei Navigli alle Mura Spagnole,49,0,55,2012-09-01
2012,9,Dalla Nuova Circonvallazione ai confini del Comune,504,3,648,2012-09-01
2012,9,Dalle Mura Spagnole alla Nuova Circonvallazione,245,1,332,2012-09-01
2012,9,Entro la Cerchia dei Navigli,22,0,23,2012-09-01
2012,9,Senza indicazioni,34,0,53,2012-09-01
2012,10,Dalla Cerchia dei Navigli alle Mura Spagnole,65,1,86,2012-10-01
2012,10,Dalla Nuova Circonvallazione ai confini del Comune,626,3,831,2012-10-01
2012,10,Dalle Mura Spagnole alla Nuova Circonvallazione,319,2,394,2012-10-01
2012,10,Entro la Cerchia dei Navigli,36,0,43,2012-10-01
2012,10,Senza indicazioni,46,0,65,2012-10-01
2012,11,Dalla Cerchia dei Navigli alle Mura Spagnole,58,0,78,2012-11-01
2012,11,Dalla Nuova Circonvallazione ai confini del Comune,587,2,816,2012-11-01
2012,11,Dalle Mura Spagnole alla Nuova Circonvallazione,278,2,354,2012-11-01
2012,11,Entro la Cerchia dei Navigli,33,0,44,2012-11-01
2012,11,Senza indicazioni,43,0,57,2012-11-01
2012,12,Dalla Cerchia dei Navigli alle Mura Spagnole,61,0,81,2012-12-01
2012,12,Dalla Nuova Circonvallazione ai confini del Comune,418,4,554,2012-12-01
2012,12,Dalle Mura Spagnole alla Nuova Circonvallazione,242,0,319,2012-12-01
2012,12,Entro la Cerchia dei Navigli,39,0,42,2012-12-01
2012,12,Senza indicazioni,26,0,32,2012-12-01
2013,1,Dalla Cerchia dei Navigli alle Mura Spagnole,38,0,57,2013-01-01
2013,1,Dalla Nuova Circonvallazione ai confini del Comune,435,2,580,2013-01-01
2013,1,Dalle Mura Spagnole alla Nuova Circonvallazione,174,0,231,2013-01-01
2013,1,Entro la Cerchia dei Navigli,18,0,20,2013-01-01
2013,1,Senza indicazioni,42,2,55,2013-01-01
2013,2,Dalla Cerchia dei Navigli alle Mura Spagnole,32,0,49,2013-02-01
2013,2,Dalla Nuova Circonvallazione ai confini del Comune,404,2,541,2013-02-01
2013,2,Dalle Mura Spagnole alla Nuova Circonvallazione,177,0,210,2013-02-01
2013,2,Entro la Cerchia dei Navigli,15,0,19,2013-02-01
2013,2,Senza indicazioni,48,0,61,2013-02-01
2013,3,Dalla Cerchia dei Navigli alle Mura Spagnole,34,0,40,2013-03-01
2013,3,Dalla Nuova Circonvallazione ai confini del Comune,432,2,597,2013-03-01
2013,3,Dalle Mura Spagnole alla Nuova Circonvallazione,226,0,294,2013-03-01
2013,3,Entro la Cerchia dei Navigli,22,0,26,2013-03-01
2013,3,Senza indicazioni,41,0,54,2013-03-01
2013,4,Dalla Cerchia dei Navigli alle Mura Spagnole,44,0,59,2013-04-01
2013,4,Dalla Nuova Circonvallazione ai confini del Comune,463,0,637,2013-04-01
2013,4,Dalle Mura Spagnole alla Nuova Circonvallazione,212,2,261,2013-04-01
2013,4,Entro la Cerchia dei Navigli,21,0,29,2013-04-01
2013,4,Senza indicazioni,37,0,42,2013-04-01
2013,5,Dalla Cerchia dei Navigli alle Mura Spagnole,67,1,79,2013-05-01
2013,5,Dalla Nuova Circonvallazione ai confini del Comune,515,0,708,2013-05-01
2013,5,Dalle Mura Spagnole alla Nuova Circonvallazione,254,0,326,2013-05-01
2013,5,Entro la Cerchia dei Navigli,17,0,19,2013-05-01
2013,5,Senza indicazioni,33,0,36,2013-05-01
2013,6,Dalla Cerchia dei Navigli alle Mura Spagnole,62,0,71,2013-06-01
2013,6,Dalla Nuova Circonvallazione ai confini del Comune,572,2,768,2013-06-01
2013,6,Dalle Mura Spagnole alla Nuova Circonvallazione,256,0,335,2013-06-01
2013,6,Entro la Cerchia dei Navigli,32,0,36,2013-06-01
2013,6,Senza indicazioni,45,0,57,2013-06-01
2013,7,Dalla Cerchia dei Navigli alle Mura Spagnole,52,0,63,2013-07-01
2013,7,Dalla Nuova Circonvallazione ai confini del Comune,508,2,664,2013-07-01
2013,7,Dalle Mura Spagnole alla Nuova Circonvallazione,243,0,304,2013-07-01
2013,7,Entro la Cerchia dei Navigli,34,0,42,2013-07-01
2013,7,Senza indicazioni,43,0,47,2013-07-01
2013,8,Dalla Cerchia dei Navigli alle Mura Spagnole,17,1,24,2013-08-01
2013,8,Dalla Nuova Circonvallazione ai confini del Comune,293,0,393,2013-08-01
2013,8,Dalle Mura Spagnole alla Nuova Circonvallazione,135,0,175,2013-08-01
2013,8,Entro la Cerchia dei Navigli,4,0,5,2013-08-01
2013,8,Senza indicazioni,34,0,49,2013-08-01
2013,9,Dalla Cerchia dei Navigli alle Mura Spagnole,59,0,75,2013-09-01
2013,9,Dalla Nuova Circonvallazione ai confini del Comune,493,1,649,2013-09-01
2013,9,Dalle Mura Spagnole alla Nuova Circonvallazione,242,1,327,2013-09-01
2013,9,Entro la Cerchia dei Navigli,26,0,29,2013-09-01
2013,9,Senza indicazioni,50,0,62,2013-09-01
2013,10,Dalla Cerchia dei Navigli alle Mura Spagnole,69,0,90,2013-10-01
2013,10,Dalla Nuova Circonvallazione ai confini del Comune,554,4,760,2013-10-01
2013,10,Dalle Mura Spagnole alla Nuova Circonvallazione,294,0,375,2013-10-01
2013,10,Entro la Cerchia dei Navigli,26,0,28,2013-10-01
2013,10,Senza indicazioni,51,0,68,2013-10-01
2013,11,Dalla Cerchia dei Navigli alle Mura Spagnole,54,0,65,2013-11-01
2013,11,Dalla Nuova Circonvallazione ai confini del Comune,461,2,591,2013-11-01
2013,11,Dalle Mura Spagnole alla Nuova Circonvallazione,263,1,331,2013-11-01
2013,11,Entro la Cerchia dei Navigli,27,0,34,2013-11-01
2013,11,Senza indicazioni,53,1,71,2013-11-01
2013,12,Dalla Cerchia dei Navigli alle Mura Spagnole,40,0,44,2013-12-01
2013,12,Dalla Nuova Circonvallazione ai confini del Comune,456,2,620,2013-12-01
2013,12,Dalle Mura Spagnole alla Nuova Circonvallazione,202,0,254,2013-12-01
2013,12,Entro la Cerchia dei Navigli,30,1,41,2013-12-01
2013,12,Senza indicazioni,54,0,74,2013-12-01
2014,1,Dalla Cerchia dei Navigli alle Mura Spagnole,38,0,52,2014-01-01
2014,1,Dalla Nuova Circonvallazione ai confini del Comune,341,1,454,2014-01-01
2014,1,Dalle Mura Spagnole alla Nuova Circonvallazione,174,1,221,2014-01-01
2014,1,Entro la Cerchia dei Navigli,29,0,33,2014-01-01
2014,1,Senza indicazioni,54,0,76,2014-01-01
2014,2,Dalla Cerchia dei Navigli alle Mura Spagnole,43,0,51,2014-02-01
2014,2,Dalla Nuova Circonvallazione ai confini del Comune,414,2,549,2014-02-01
2014,2,Dalle Mura Spagnole alla Nuova Circonvallazione,173,0,236,2014-02-01
2014,2,Entro la Cerchia dei Navigli,27,0,30,2014-02-01
2014,2,Senza indicazioni,27,0,33,2014-02-01
2014,3,Dalla Cerchia dei Navigli alle Mura Spagnole,52,0,65,2014-03-01
2014,3,Dalla Nuova Circonvallazione ai confini del Comune,417,2,551,2014-03-01
2014,3,Dalle Mura Spagnole alla Nuova Circonvallazione,235,0,300,2014-03-01
2014,3,Entro la Cerchia dei Navigli,18,0,20,2014-03-01
2014,3,Senza indicazioni,37,0,43,2014-03-01
2014,4,Dalla Cerchia dei Navigli alle Mura Spagnole,54,0,65,2014-04-01
2014,4,Dalla Nuova Circonvallazione ai confini del Comune,460,4,613,2014-04-01
2014,4,Dalle Mura Spagnole alla Nuova Circonvallazione,246,0,303,2014-04-01
2014,4,Entro la Cerchia dei Navigli,20,0,25,2014-04-01
2014,4,Senza indicazioni,57,0,74,2014-04-01
2014,5,Dalla Cerchia dei Navigli alle Mura Spagnole,58,0,69,2014-05-01
2014,5,Dalla Nuova Circonvallazione ai confini del Comune,509,5,640,2014-05-01
2014,5,Dalle Mura Spagnole alla Nuova Circonvallazione,247,1,302,2014-05-01
2014,5,Entro la Cerchia dei Navigli,35,0,39,2014-05-01
2014,5,Senza indicazioni,37,0,45,2014-05-01
2014,6,Dalla Cerchia dei Navigli alle Mura Spagnole,60,0,73,2014-06-01
2014,6,Dalla Nuova Circonvallazione ai confini del Comune,478,5,641,2014-06-01
2014,6,Dalle Mura Spagnole alla Nuova Circonvallazione,228,0,296,2014-06-01
2014,6,Entro la Cerchia dei Navigli,17,0,17,2014-06-01
2014,6,Senza indicazioni,41,1,52,2014-06-01
2014,7,Dalla Cerchia dei Navigli alle Mura Spagnole,49,0,61,2014-07-01
2014,7,Dalla Nuova Circonvallazione ai confini del Comune,425,4,579,2014-07-01
2014,7,Dalle Mura Spagnole alla Nuova Circonvallazione,226,2,284,2014-07-01
2014,7,Entro la Cerchia dei Navigli,23,0,24,2014-07-01
2014,7,Senza indicazioni,46,0,68,2014-07-01
2014,8,Dalla Cerchia dei Navigli alle Mura Spagnole,14,0,18,2014-08-01
2014,8,Dalla Nuova Circonvallazione ai confini del Comune,244,0,333,2014-08-01
2014,8,Dalle Mura Spagnole alla Nuova Circonvallazione,94,0,127,2014-08-01
2014,8,Entro la Cerchia dei Navigli,1,0,1,2014-08-01
2014,8,Senza indicazioni,23,1,31,2014-08-01
2014,9,Dalla Cerchia dei Navigli alle Mura Spagnole,39,0,50,2014-09-01
2014,9,Dalla Nuova Circonvallazione ai confini del Comune,449,2,577,2014-09-01
2014,9,Dalle Mura Spagnole alla Nuova Circonvallazione,227,0,302,2014-09-01
2014,9,Entro la Cerchia dei Navigli,15,0,19,2014-09-01
2014,9,Senza indicazioni,55,1,73,2014-09-01
2014,10,Dalla Cerchia dei Navigli alle Mura Spagnole,54,2,75,2014-10-01
2014,10,Dalla Nuova Circonvallazione ai confini del Comune,483,0,646,2014-10-01
2014,10,Dalle Mura Spagnole alla Nuova Circonvallazione,234,1,298,2014-10-01
2014,10,Entro la Cerchia dei Navigli,28,0,31,2014-10-01
2014,10,Senza indicazioni,76,0,93,2014-10-01
2014,11,Dalla Cerchia dei Navigli alle Mura Spagnole,42,0,49,2014-11-01
2014,11,Dalla Nuova Circonvallazione ai confini del Comune,360,1,464,2014-11-01
2014,11,Dalle Mura Spagnole alla Nuova Circonvallazione,208,1,268,2014-11-01
2014,11,Entro la Cerchia dei Navigli,14,0,15,2014-11-01
2014,11,Senza indicazioni,106,0,149,2014-11-01
2014,12,Dalla Cerchia dei Navigli alle Mura Spagnole,35,1,46,2014-12-01
2014,12,Dalla Nuova Circonvallazione ai confini del Comune,336,1,437,2014-12-01
2014,12,Dalle Mura Spagnole alla Nuova Circonvallazione,179,0,229,2014-12-01
2014,12,Entro la Cerchia dei Navigli,15,0,21,2014-12-01
2014,12,Senza indicazioni,114,0,155,2014-12-01
2015,1,Dalla Cerchia dei Navigli alle Mura Spagnole,27,0,30,2015-01-01
2015,1,Dalla Nuova Circonvallazione ai confini del Comune,302,1,402,2015-01-01
2015,1,Dalle Mura Spagnole alla Nuova Circonvallazione,152,0,190,2015-01-01
2015,1,Entro la Cerchia dei Navigli,10,0,10,2015-01-01
2015,1,Senza indicazioni,161,1,213,2015-01-01
2015,2,Dalla Cerchia dei Navigli alle Mura Spagnole,11,0,14,2015-02-01
2015,2,Dalla Nuova Circonvallazione ai confini del Comune,135,4,173,2015-02-01
2015,2,Dalle Mura Spagnole alla Nuova Circonvallazione,64,0,80,2015-02-01
2015,2,Entro la Cerchia dei Navigli,6,0,8,2015-02-01
2015,2,Senza indicazioni,415,2,536,2015-02-01
2015,3,Dalla Cerchia dei Navigli alle Mura Spagnole,48,0,61,2015-03-01
2015,3,Dalla Nuova Circonvallazione ai confini del Comune,406,3,521,2015-03-01
2015,3,Dalle Mura Spagnole alla Nuova Circonvallazione,208,2,293,2015-03-01
2015,3,Entro la Cerchia dei Navigli,26,0,34,2015-03-01
2015,3,Senza indicazioni,36,0,58,2015-03-01
2015,4,Dalla Cerchia dei Navigli alle Mura Spagnole,50,0,65,2015-04-01
2015,4,Dalla Nuova Circonvallazione ai confini del Comune,440,2,586,2015-04-01
2015,4,Dalle Mura Spagnole alla Nuova Circonvallazione,219,0,281,2015-04-01
2015,4,Entro la Cerchia dei Navigli,22,0,22,2015-04-01
2015,4,Senza indicazioni,32,0,47,2015-04-01
2015,5,Dalla Cerchia dei Navigli alle Mura Spagnole,51,0,75,2015-05-01
2015,5,Dalla Nuova Circonvallazione ai confini del Comune,452,0,618,2015-05-01
2015,5,Dalle Mura Spagnole alla Nuova Circonvallazione,250,4,324,2015-05-01
2015,5,Entro la Cerchia dei Navigli,25,0,27,2015-05-01
2015,5,Senza indicazioni,48,1,54,2015-05-01
2015,6,Dalla Cerchia dei Navigli alle Mura Spagnole,44,0,55,2015-06-01
2015,6,Dalla Nuova Circonvallazione ai confini del Comune,462,5,610,2015-06-01
2015,6,Dalle Mura Spagnole alla Nuova Circonvallazione,233,2,303,2015-06-01
2015,6,Entro la Cerchia dei Navigli,16,0,21,2015-06-01
2015,6,Senza indicazioni,37,0,51,2015-06-01
2015,7,Dalla Cerchia dei Navigli alle Mura Spagnole,45,0,58,2015-07-01
2015,7,Dalla Nuova Circonvallazione ai confini del Comune,473,2,601,2015-07-01
2015,7,Dalle Mura Spagnole alla Nuova Circonvallazione,220,0,288,2015-07-01
2015,7,Entro la Cerchia dei Navigli,23,0,26,2015-07-01
2015,7,Senza indicazioni,47,0,66,2015-07-01
2015,8,Dalla Cerchia dei Navigli alle Mura Spagnole,17,0,20,2015-08-01
2015,8,Dalla Nuova Circonvallazione ai confini del Comune,248,2,333,2015-08-01
2015,8,Dalle Mura Spagnole alla Nuova Circonvallazione,89,0,117,2015-08-01
2015,8,Entro la Cerchia dei Navigli,12,0,14,2015-08-01
2015,8,Senza indicazioni,19,1,22,2015-08-01
2015,9,Dalla Cerchia dei Navigli alle Mura Spagnole,54,1,68,2015-09-01
2015,9,Dalla Nuova Circonvallazione ai confini del Comune,452,2,589,2015-09-01
2015,9,Dalle Mura Spagnole alla Nuova Circonvallazione,194,0,252,2015-09-01
2015,9,Entro la Cerchia dei Navigli,15,0,24,2015-09-01
2015,9,Senza indicazioni,49,0,59,2015-09-01
2015,10,Dalla Cerchia dei Navigli alle Mura Spagnole,52,1,68,2015-10-01
2015,10,Dalla Nuova Circonvallazione ai confini del Comune,524,5,700,2015-10-01
2015,10,Dalle Mura Spagnole alla Nuova Circonvallazione,244,0,326,2015-10-01
2015,10,Entro la Cerchia dei Navigli,21,0,26,2015-10-01
2015,10,Senza indicazioni,40,0,49,2015-10-01
2015,11,Dalla Cerchia dei Navigli alle Mura Spagnole,56,0,72,2015-11-01
2015,11,Dalla Nuova Circonvallazione ai confini del Comune,452,3,583,2015-11-01
2015,11,Dalle Mura Spagnole alla Nuova Circonvallazione,216,0,275,2015-11-01
2015,11,Entro la Cerchia dei Navigli,26,0,27,2015-11-01
2015,11,Senza indicazioni,26,0,31,2015-11-01
2015,12,Dalla Cerchia dei Navigli alle Mura Spagnole,51,0,56,2015-12-01
2015,12,Dalla Nuova Circonvallazione ai confini del Comune,346,4,463,2015-12-01
2015,12,Dalle Mura Spagnole alla Nuova Circonvallazione,177,0,232,2015-12-01
2015,12,Entro la Cerchia dei Navigli,23,0,28,2015-12-01
2015,12,Senza indicazioni,28,1,36,2015-12-01
2016,1,Dalla Cerchia dei Navigli alle Mura Spagnole,35,0,37,2016-01-01
2016,1,Dalla Nuova Circonvallazione ai confini del Comune,371,6,503,2016-01-01
2016,1,Dalle Mura Spagnole alla Nuova Circonvallazione,181,1,245,2016-01-01
2016,1,Entro la Cerchia dei Navigli,17,0,19,2016-01-01
2016,1,Senza indicazioni,33,0,40,2016-01-01
2016,2,Dalla Cerchia dei Navigli alle Mura Spagnole,61,0,81,2016-02-01
2016,2,Dalla Nuova Circonvallazione ai confini del Comune,392,1,526,2016-02-01
2016,2,Dalle Mura Spagnole alla Nuova Circonvallazione,190,0,270,2016-02-01
2016,2,Entro la Cerchia dei Navigli,15,0,20,2016-02-01
2016,2,Senza indicazioni,48,0,73,2016-02-01
2016,3,Dalla Cerchia dei Navigli alle Mura Spagnole,41,0,55,2016-03-01
2016,3,Dalla Nuova Circonvallazione ai confini del Comune,396,2,545,2016-03-01
2016,3,Dalle Mura Spagnole alla Nuova Circonvallazione,240,0,347,2016-03-01
2016,3,Entro la Cerchia dei Navigli,16,0,19,2016-03-01
2016,3,Senza indicazioni,35,0,45,2016-03-01
2016,4,Dalla Cerchia dei Navigli alle Mura Spagnole,49,0,61,2016-04-01
2016,4,Dalla Nuova Circonvallazione ai confini del Comune,491,2,649,2016-04-01
2016,4,Dalle Mura Spagnole alla Nuova Circonvallazione,222,0,284,2016-04-01
2016,4,Entro la Cerchia dei Navigli,20,0,26,2016-04-01
2016,4,Senza indicazioni,39,0,53,2016-04-01
2016,5,Dalla Cerchia dei Navigli alle Mura Spagnole,43,0,54,2016-05-01
2016,5,Dalla Nuova Circonvallazione ai confini del Comune,520,2,710,2016-05-01
2016,5,Dalle Mura Spagnole alla Nuova Circonvallazione,255,0,347,2016-05-01
2016,5,Entro la Cerchia dei Navigli,12,0,14,2016-05-01
2016,5,Senza indicazioni,36,0,43,2016-05-01
2016,6,Dalla Cerchia dei Navigli alle Mura Spagnole,59,1,71,2016-06-01
2016,6,Dalla Nuova Circonvallazione ai confini del Comune,448,3,593,2016-06-01
2016,6,Dalle Mura Spagnole alla Nuova Circonvallazione,200,1,255,2016-06-01
2016,6,Entro la Cerchia dei Navigli,14,0,15,2016-06-01
2016,6,Senza indicazioni,46,0,53,2016-06-01
2016,7,Dalla Cerchia dei Navigli alle Mura Spagnole,51,0,67,2016-07-01
2016,7,Dalla Nuova Circonvallazione ai confini del Comune,467,2,626,2016-07-01
2016,7,Dalle Mura Spagnole alla Nuova Circonvallazione,202,0,263,2016-07-01
2016,7,Entro la Cerchia dei Navigli,18,0,20,2016-07-01
2016,7,Senza indicazioni,32,2,38,2016-07-01
2016,8,Dalla Cerchia dei Navigli alle Mura Spagnole,15,0,19,2016-08-01
2016,8,Dalla Nuova Circonvallazione ai confini del Comune,265,1,371,2016-08-01
2016,8,Dalle Mura Spagnole alla Nuova Circonvallazione,120,0,157,2016-08-01
2016,8,Entro la Cerchia dei Navigli,11,0,12,2016-08-01
2016,8,Senza indicazioni,18,0,26,2016-08-01
2016,9,Dalla Cerchia dei Navigli alle Mura Spagnole,48,0,64,2016-09-01
2016,9,Dalla Nuova Circonvallazione ai confini del Comune,452,4,621,2016-09-01
2016,9,Dalle Mura Spagnole alla Nuova Circonvallazione,213,0,271,2016-09-01
2016,9,Entro la Cerchia dei Navigli,16,0,17,2016-09-01
2016,9,Senza indicazioni,45,1,54,2016-09-01
2016,10,Dalla Cerchia dei Navigli alle Mura Spagnole,50,0,60,2016-10-01
2016,10,Dalla Nuova Circonvallazione ai confini del Comune,501,1,638,2016-10-01
2016,10,Dalle Mura Spagnole alla Nuova Circonvallazione,248,2,306,2016-10-01
2016,10,Entro la Cerchia dei Navigli,23,0,27,2016-10-01
2016,10,Senza indicazioni,51,0,80,2016-10-01
2016,11,Dalla Cerchia dei Navigli alle Mura Spagnole,50,0,63,2016-11-01
2016,11,Dalla Nuova Circonvallazione ai confini del Comune,456,6,601,2016-11-01
2016,11,Dalle Mura Spagnole alla Nuova Circonvallazione,240,2,320,2016-11-01
2016,11,Entro la Cerchia dei Navigli,14,0,15,2016-11-01
2016,11,Senza indicazioni,59,0,81,2016-11-01
2016,12,Dalla Cerchia dei Navigli alle Mura Spagnole,39,0,49,2016-12-01
2016,12,Dalla Nuova Circonvallazione ai confini del Comune,321,3,412,2016-12-01
2016,12,Dalle Mura Spagnole alla Nuova Circonvallazione,166,2,221,2016-12-01
2016,12,Entro la Cerchia dei Navigli,16,0,18,2016-12-01
2016,12,Senza indicazioni,38,0,51,2016-12-01
2017,1,Dalla Cerchia dei Navigli alle Mura Spagnole,25,0,29,2017-01-01
2017,1,Dalla Nuova Circonvallazione ai confini del Comune,330,2,437,2017-01-01
2017,1,Dalle Mura Spagnole alla Nuova Circonvallazione,157,0,203,2017-01-01
2017,1,Entro la Cerchia dei Navigli,12,0,12,2017-01-01
2017,1,Senza indicazioni,38,1,44,2017-01-01
2017,2,Dalla Cerchia dei Navigli alle Mura Spagnole,45,0,57,2017-02-01
2017,2,Dalla Nuova Circonvallazione ai confini del Comune,323,3,452,2017-02-01
2017,2,Dalle Mura Spagnole alla Nuova Circonvallazione,178,0,214,2017-02-01
2017,2,Entro la Cerchia dei Navigli,20,0,27,2017-02-01
2017,2,Senza indicazioni,31,1,38,2017-02-01
2017,3,Dalla Cerchia dei Navigli alle Mura Spagnole,39,0,46,2017-03-01
2017,3,Dalla Nuova Circonvallazione ai confini del Comune,455,2,584,2017-03-01
2017,3,Dalle Mura Spagnole alla Nuova Circonvallazione,234,0,307,2017-03-01
2017,3,Entro la Cerchia dei Navigli,18,0,21,2017-03-01
2017,3,Senza indicazioni,42,1,58,2017-03-01
2017,4,Dalla Cerchia dei Navigli alle Mura Spagnole,39,0,50,2017-04-01
2017,4,Dalla Nuova Circonvallazione ai confini del Comune,400,4,543,2017-04-01
2017,4,Dalle Mura Spagnole alla Nuova Circonvallazione,213,0,284,2017-04-01
2017,4,Entro la Cerchia dei Navigli,21,0,23,2017-04-01
2017,4,Senza indicazioni,44,0,54,2017-04-01
2017,5,Dalla Cerchia dei Navigli alle Mura Spagnole,51,0,60,2017-05-01
2017,5,Dalla Nuova Circonvallazione ai confini del Comune,452,3,600,2017-05-01
2017,5,Dalle Mura Spagnole alla Nuova Circonvallazione,235,0,299,2017-05-01
2017,5,Entro la Cerchia dei Navigli,25,0,27,2017-05-01
2017,5,Senza indicazioni,31,1,40,2017-05-01
2017,6,Dalla Cerchia dei Navigli alle Mura Spagnole,43,0,51,2017-06-01
2017,6,Dalla Nuova Circonvallazione ai confini del Comune,447,1,589,2017-06-01
2017,6,Dalle Mura Spagnole alla Nuova Circonvallazione,230,0,286,2017-06-01
2017,6,Entro la Cerchia dei Navigli,17,0,19,2017-06-01
2017,6,Senza indicazioni,22,0,26,2017-06-01
2017,7,Dalla Cerchia dei Navigli alle Mura Spagnole,37,0,51,2017-07-01
2017,7,Dalla Nuova Circonvallazione ai confini del Comune,390,6,505,2017-07-01
2017,7,Dalle Mura Spagnole alla Nuova Circonvallazione,193,0,247,2017-07-01
2017,7,Entro la Cerchia dei Navigli,22,0,28,2017-07-01
2017,7,Senza indicazioni,49,1,67,2017-07-01
2017,8,Dalla Cerchia dei Navigli alle Mura Spagnole,18,0,19,2017-08-01
2017,8,Dalla Nuova Circonvallazione ai confini del Comune,250,1,337,2017-08-01
2017,8,Dalle Mura Spagnole alla Nuova Circonvallazione,124,0,167,2017-08-01
2017,8,Entro la Cerchia dei Navigli,9,0,9,2017-08-01
2017,8,Senza indicazioni,27,1,33,2017-08-01
2017,9,Dalla Cerchia dei Navigli alle Mura Spagnole,44,0,56,2017-09-01
2017,9,Dalla Nuova Circonvallazione ai confini del Comune,417,3,562,2017-09-01
2017,9,Dalle Mura Spagnole alla Nuova Circonvallazione,227,2,289,2017-09-01
2017,9,Entro la Cerchia dei Navigli,21,0,26,2017-09-01
2017,9,Senza indicazioni,37,0,45,2017-09-01
2017,10,Dalla Cerchia dei Navigli alle Mura Spagnole,48,0,56,2017-10-01
2017,10,Dalla Nuova Circonvallazione ai confini del Comune,470,2,631,2017-10-01
2017,10,Dalle Mura Spagnole alla Nuova Circonvallazione,219,0,273,2017-10-01
2017,10,Entro la Cerchia dei Navigli,20,0,23,2017-10-01
2017,10,Senza indicazioni,33,0,46,2017-10-01
2017,11,Dalla Cerchia dei Navigli alle Mura Spagnole,43,0,53,2017-11-01
2017,11,Dalla Nuova Circonvallazione ai confini del Comune,431,2,560,2017-11-01
2017,11,Dalle Mura Spagnole alla Nuova Circonvallazione,238,0,304,2017-11-01
2017,11,Entro la Cerchia dei Navigli,22,0,24,2017-11-01
2017,11,Senza indicazioni,39,1,47,2017-11-01
2017,12,Dalla Cerchia dei Navigli alle Mura Spagnole,44,0,53,2017-12-01
2017,12,Dalla Nuova Circonvallazione ai confini del Comune,357,7,444,2017-12-01
2017,12,Dalle Mura Spagnole alla Nuova Circonvallazione,198,2,251,2017-12-01
2017,12,Entro la Cerchia dei Navigli,18,0,18,2017-12-01
2017,12,Senza indicazioni,35,0,44,2017-12-01
2018,1,Dalla Cerchia dei Navigli alle Mura Spagnole,35,0,46,2018-01-01
2018,1,Dalla Nuova Circonvallazione ai confini del Comune,369,6,493,2018-01-01
2018,1,Dalle Mura Spagnole alla Nuova Circonvallazione,178,2,224,2018-01-01
2018,1,Entro la Cerchia dei Navigli,17,0,21,2018-01-01
2018,1,Senza indicazioni,36,0,53,2018-01-01
2018,2,Dalla Cerchia dei Navigli alle Mura Spagnole,35,1,42,2018-02-01
2018,2,Dalla Nuova Circonvallazione ai confini del Comune,338,0,457,2018-02-01
2018,2,Dalle Mura Spagnole alla Nuova Circonvallazione,192,1,241,2018-02-01
2018,2,Entro la Cerchia dei Navigli,10,0,12,2018-02-01
2018,2,Senza indicazioni,52,1,67,2018-02-01
2018,3,Dalla Cerchia dei Navigli alle Mura Spagnole,40,1,55,2018-03-01
2018,3,Dalla Nuova Circonvallazione ai confini del Comune,366,1,474,2018-03-01
2018,3,Dalle Mura Spagnole alla Nuova Circonvallazione,200,0,260,2018-03-01
2018,3,Entro la Cerchia dei Navigli,15,0,15,2018-03-01
2018,3,Senza indicazioni,32,0,38,2018-03-01
2018,4,Dalla Cerchia dei Navigli alle Mura Spagnole,46,1,51,2018-04-01
2018,4,Dalla Nuova Circonvallazione ai confini del Comune,394,1,548,2018-04-01
2018,4,Dalle Mura Spagnole alla Nuova Circonvallazione,186,0,240,2018-04-01
2018,4,Entro la Cerchia dei Navigli,17,0,22,2018-04-01
2018,4,Senza indicazioni,32,0,47,2018-04-01
2018,5,Dalla Cerchia dei Navigli alle Mura Spagnole,43,0,45,2018-05-01
2018,5,Dalla Nuova Circonvallazione ai confini del Comune,473,4,622,2018-05-01
2018,5,Dalle Mura Spagnole alla Nuova Circonvallazione,229,0,298,2018-05-01
2018,5,Entro la Cerchia dei Navigli,17,0,19,2018-05-01
2018,5,Senza indicazioni,39,0,52,2018-05-01
2018,6,Dalla Cerchia dei Navigli alle Mura Spagnole,44,0,55,2018-06-01
2018,6,Dalla Nuova Circonvallazione ai confini del Comune,484,1,619,2018-06-01
2018,6,Dalle Mura Spagnole alla Nuova Circonvallazione,225,1,270,2018-06-01
2018,6,Entro la Cerchia dei Navigli,18,0,19,2018-06-01
2018,6,Senza indicazioni,23,0,26,2018-06-01
2018,7,Dalla Cerchia dei Navigli alle Mura Spagnole,31,0,39,2018-07-01
2018,7,Dalla Nuova Circonvallazione ai confini del Comune,388,1,541,2018-07-01
2018,7,Dalle Mura Spagnole alla Nuova Circonvallazione,203,1,282,2018-07-01
2018,7,Entro la Cerchia dei Navigli,15,0,23,2018-07-01
2018,7,Senza indicazioni,30,0,44,2018-07-01
2018,8,Dalla Cerchia dei Navigli alle Mura Spagnole,12,0,16,2018-08-01
2018,8,Dalla Nuova Circonvallazione ai confini del Comune,222,2,285,2018-08-01
2018,8,Dalle Mura Spagnole alla Nuova Circonvallazione,104,0,128,2018-08-01
2018,8,Entro la Cerchia dei Navigli,8,0,9,2018-08-01
2018,8,Senza indicazioni,23,0,37,2018-08-01
2018,9,Dalla Cerchia dei Navigli alle Mura Spagnole,38,0,45,2018-09-01
2018,9,Dalla Nuova Circonvallazione ai confini del Comune,433,4,579,2018-09-01
2018,9,Dalle Mura Spagnole alla Nuova Circonvallazione,221,2,280,2018-09-01
2018,9,Entro la Cerchia dei Navigli,27,0,30,2018-09-01
2018,9,Senza indicazioni,39,1,57,2018-09-01
2018,10,Dalla Cerchia dei Navigli alle Mura Spagnole,51,0,64,2018-10-01
2018,10,Dalla Nuova Circonvallazione ai confini del Comune,475,5,603,2018-10-01
2018,10,Dalle Mura Spagnole alla Nuova Circonvallazione,254,1,323,2018-10-01
2018,10,Entro la Cerchia dei Navigli,21,0,21,2018-10-01
2018,10,Senza indicazioni,36,1,48,2018-10-01
2018,11,Dalla Cerchia dei Navigli alle Mura Spagnole,39,0,45,2018-11-01
2018,11,Dalla Nuova Circonvallazione ai confini del Comune,434,3,538,2018-11-01
2018,11,Dalle Mura Spagnole alla Nuova Circonvallazione,253,0,311,2018-11-01
2018,11,Entro la Cerchia dei Navigli,26,0,30,2018-11-01
2018,11,Senza indicazioni,30,0,44,2018-11-01
2018,12,Dalla Cerchia dei Navigli alle Mura Spagnole,47,0,59,2018-12-01
2018,12,Dalla Nuova Circonvallazione ai confini del Comune,373,3,506,2018-12-01
2018,12,Dalle Mura Spagnole alla Nuova Circonvallazione,199,1,240,2018-12-01
2018,12,Entro la Cerchia dei Navigli,14,0,23,2018-12-01
2018,12,Senza indicazioni,23,0,28,2018-12-01
2019,1,Dalla Cerchia dei Navigli alle Mura Spagnole,42,0,63,2019-01-01
2019,1,Dalla Nuova Circonvallazione ai confini del Comune,370,1,478,2019-01-01
2019,1,Dalle Mura Spagnole alla Nuova Circonvallazione,162,1,196,2019-01-01
2019,1,Entro la Cerchia dei Navigli,15,0,15,2019-01-01
2019,1,Senza indicazioni,27,0,36,2019-01-01
2019,2,Dalla Cerchia dei Navigli alle Mura Spagnole,38,0,47,2019-02-01
2019,2,Dalla Nuova Circonvallazione ai confini del Comune,368,1,479,2019-02-01
2019,2,Dalle Mura Spagnole alla Nuova Circonvallazione,172,0,224,2019-02-01
2019,2,Entro la Cerchia dei Navigli,18,0,19,2019-02-01
2019,2,Senza indicazioni,12,0,20,2019-02-01
2019,3,Dalla Cerchia dei Navigli alle Mura Spagnole,55,0,73,2019-03-01
2019,3,Dalla Nuova Circonvallazione ai confini del Comune,437,0,557,2019-03-01
2019,3,Dalle Mura Spagnole alla Nuova Circonvallazione,233,1,277,2019-03-01
2019,3,Entro la Cerchia dei Navigli,23,0,28,2019-03-01
2019,3,Senza indicazioni,27,1,30,2019-03-01
2019,4,Dalla Cerchia dei Navigli alle Mura Spagnole,52,0,67,2019-04-01
2019,4,Dalla Nuova Circonvallazione ai confini del Comune,394,3,524,2019-04-01
2019,4,Dalle Mura Spagnole alla Nuova Circonvallazione,197,0,248,2019-04-01
2019,4,Entro la Cerchia dei Navigli,25,1,27,2019-04-01
2019,4,Senza indicazioni,34,0,42,2019-04-01
2019,5,Dalla Cerchia dei Navigli alle Mura Spagnole,43,0,49,2019-05-01
2019,5,Dalla Nuova Circonvallazione ai confini del Comune,473,2,611,2019-05-01
2019,5,Dalle Mura Spagnole alla Nuova Circonvallazione,198,1,264,2019-05-01
2019,5,Entro la Cerchia dei Navigli,18,0,23,2019-05-01
2019,5,Senza indicazioni,33,0,43,2019-05-01
2019,6,Dalla Cerchia dei Navigli alle Mura Spagnole,41,1,52,2019-06-01
2019,6,Dalla Nuova Circonvallazione ai confini del Comune,418,1,551,2019-06-01
2019,6,Dalle Mura Spagnole alla Nuova Circonvallazione,204,0,278,2019-06-01
2019,6,Entro la Cerchia dei Navigli,15,0,22,2019-06-01
2019,6,Senza indicazioni,31,1,43,2019-06-01
2019,7,Dalla Cerchia dei Navigli alle Mura Spagnole,38,0,43,2019-07-01
2019,7,Dalla Nuova Circonvallazione ai confini del Comune,415,4,551,2019-07-01
2019,7,Dalle Mura Spagnole alla Nuova Circonvallazione,195,1,239,2019-07-01
2019,7,Entro la Cerchia dei Navigli,15,0,18,2019-07-01
2019,7,Senza indicazioni,40,0,58,2019-07-01
2019,8,Dalla Cerchia dei Navigli alle Mura Spagnole,16,0,17,2019-08-01
2019,8,Dalla Nuova Circonvallazione ai confini del Comune,228,1,289,2019-08-01
2019,8,Dalle Mura Spagnole alla Nuova Circonvallazione,98,1,128,2019-08-01
2019,8,Entro la Cerchia dei Navigli,11,0,13,2019-08-01
2019,8,Senza indicazioni,10,0,12,2019-08-01
2019,9,Dalla Cerchia dei Navigli alle Mura Spagnole,41,0,44,2019-09-01
2019,9,Dalla Nuova Circonvallazione ai confini del Comune,399,0,544,2019-09-01
2019,9,Dalle Mura Spagnole alla Nuova Circonvallazione,202,0,256,2019-09-01
2019,9,Entro la Cerchia dei Navigli,20,0,28,2019-09-01
2019,9,Senza indicazioni,28,0,36,2019-09-01
2019,10,Dalla Cerchia dei Navigli alle Mura Spagnole,44,0,52,2019-10-01
2019,10,Dalla Nuova Circonvallazione ai confini del Comune,464,1,597,2019-10-01
2019,10,Dalle Mura Spagnole alla Nuova Circonvallazione,229,1,301,2019-10-01
2019,10,Entro la Cerchia dei Navigli,29,0,32,2019-10-01
2019,10,Senza indicazioni,35,0,48,2019-10-01
2019,11,Dalla Cerchia dei Navigli alle Mura Spagnole,35,0,39,2019-11-01
2019,11,Dalla Nuova Circonvallazione ai confini del Comune,432,5,554,2019-11-01
2019,11,Dalle Mura Spagnole alla Nuova Circonvallazione,222,0,267,2019-11-01
2019,11,Entro la Cerchia dei Navigli,16,0,18,2019-11-01
2019,11,Senza indicazioni,48,0,61,2019-11-01
2019,12,Dalla Cerchia dei Navigli alle Mura Spagnole,35,0,49,2019-12-01
2019,12,Dalla Nuova Circonvallazione ai confini del Comune,344,3,482,2019-12-01
2019,12,Dalle Mura Spagnole alla Nuova Circonvallazione,190,0,232,2019-12-01
2019,12,Entro la Cerchia dei Navigli,27,0,29,2019-12-01
2019,12,Senza indicazioni,37,0,52,2019-12-01
2020,1,Dalla Cerchia dei Navigli alle Mura Spagnole,23,0,29,2020-01-01
2020,1,Dalla Nuova Circonvallazione ai confini del Comune,321,3,409,2020-01-01
2020,1,Dalle Mura Spagnole alla Nuova Circonvallazione,155,1,198,2020-01-01
2020,1,Entro la Cerchia dei Navigli,15,0,16,2020-01-01
2020,1,Senza indicazioni,21,0,26,2020-01-01
2020,2,Dalla Cerchia dei Navigli alle Mura Spagnole,30,0,34,2020-02-01
2020,2,Dalla Nuova Circonvallazione ai confini del Comune,289,1,361,2020-02-01
2020,2,Dalle Mura Spagnole alla Nuova Circonvallazione,166,3,204,2020-02-01
2020,2,Entro la Cerchia dei Navigli,19,0,22,2020-02-01
2020,2,Senza indicazioni,28,0,39,2020-02-01
2020,3,Dalla Cerchia dei Navigli alle Mura Spagnole,6,0,6,2020-03-01
2020,3,Dalla Nuova Circonvallazione ai confini del Comune,134,2,179,2020-03-01
2020,3,Dalle Mura Spagnole alla Nuova Circonvallazione,45,0,54,2020-03-01
2020,3,Entro la Cerchia dei Navigli,4,0,4,2020-03-01
2020,3,Senza indicazioni,10,1,13,2020-03-01
2020,4,Dalla Cerchia dei Navigli alle Mura Spagnole,2,0,4,2020-04-01
2020,4,Dalla Nuova Circonvallazione ai confini del Comune,61,0,73,2020-04-01
2020,4,Dalle Mura Spagnole alla Nuova Circonvallazione,16,0,19,2020-04-01
2020,4,Entro la Cerchia dei Navigli,1,0,1,2020-04-01
2020,4,Senza indicazioni,7,0,10,2020-04-01
2020,5,Dalla Cerchia dei Navigli alle Mura Spagnole,17,0,18,2020-05-01
2020,5,Dalla Nuova Circonvallazione ai confini del Comune,188,2,232,2020-05-01
2020,5,Dalle Mura Spagnole alla Nuova Circonvallazione,100,0,127,2020-05-01
2020,5,Entro la Cerchia dei Navigli,9,0,10,2020-05-01
2020,5,Senza indicazioni,24,0,26,2020-05-01
2020,6,Dalla Cerchia dei Navigli alle Mura Spagnole,28,0,33,2020-06-01
2020,6,Dalla Nuova Circonvallazione ai confini del Comune,295,2,344,2020-06-01
2020,6,Dalle Mura Spagnole alla Nuova Circonvallazione,152,1,181,2020-06-01
2020,6,Entro la Cerchia dei Navigli,8,0,10,2020-06-01
2020,6,Senza indicazioni,30,0,40,2020-06-01
2020,7,Dalla Cerchia dei Navigli alle Mura Spagnole,31,0,38,2020-07-01
2020,7,Dalla Nuova Circonvallazione ai confini del Comune,350,1,427,2020-07-01
2020,7,Dalle Mura Spagnole alla Nuova Circonvallazione,158,1,205,2020-07-01
2020,7,Entro la Cerchia dei Navigli,11,0,12,2020-07-01
2020,7,Senza indicazioni,31,0,34,2020-07-01
2020,8,Dalla Cerchia dei Navigli alle Mura Spagnole,15,0,18,2020-08-01
2020,8,Dalla Nuova Circonvallazione ai confini del Comune,249,1,321,2020-08-01
2020,8,Dalle Mura Spagnole alla Nuova Circonvallazione,67,0,88,2020-08-01
2020,8,Entro la Cerchia dei Navigli,8,0,9,2020-08-01
2020,8,Senza indicazioni,18,0,28,2020-08-01
2020,9,Dalla Cerchia dei Navigli alle Mura Spagnole,36,0,42,2020-09-01
2020,9,Dalla Nuova Circonvallazione ai confini del Comune,404,1,527,2020-09-01
2020,9,Dalle Mura Spagnole alla Nuova Circonvallazione,207,0,245,2020-09-01
2020,9,Entro la Cerchia dei Navigli,15,0,17,2020-09-01
2020,9,Senza indicazioni,25,0,29,2020-09-01
2020,10,Dalla Cerchia dei Navigli alle Mura Spagnole,34,0,35,2020-10-01
2020,10,Dalla Nuova Circonvallazione ai confini del Comune,377,1,469,2020-10-01
2020,10,Dalle Mura Spagnole alla Nuova Circonvallazione,186,1,219,2020-10-01
2020,10,Entro la Cerchia dei Navigli,23,0,28,2020-10-01
2020,10,Senza indicazioni,31,1,37,2020-10-01
2020,11,Dalla Cerchia dei Navigli alle Mura Spagnole,17,0,18,2020-11-01
2020,11,Dalla Nuova Circonvallazione ai confini del Comune,218,0,270,2020-11-01
2020,11,Dalle Mura Spagnole alla Nuova Circonvallazione,111,1,129,2020-11-01
2020,11,Entro la Cerchia dei Navigli,7,0,9,2020-11-01
2020,11,Senza indicazioni,9,0,10,2020-11-01
2020,12,Dalla Cerchia dei Navigli alle Mura Spagnole,16,0,20,2020-12-01
2020,12,Dalla Nuova Circonvallazione ai confini del Comune,240,5,291,2020-12-01
2020,12,Dalle Mura Spagnole alla Nuova Circonvallazione,115,0,138,2020-12-01
2020,12,Entro la Cerchia dei Navigli,16,0,19,2020-12-01
2020,12,Senza indicazioni,25,0,27,2020-12-01
2021,1,Dalla Cerchia dei Navigli alle Mura Spagnole,21,0,21,2021-01-01
2021,1,Dalla Nuova Circonvallazione ai confini del Comune,216,1,269,2021-01-01
2021,1,Dalle Mura Spagnole alla Nuova Circonvallazione,89,0,107,2021-01-01
2021,1,Entro la Cerchia dei Navigli,8,0,9,2021-01-01
2021,1,Senza indicazioni,19,0,24,2021-01-01
2021,2,Dalla Cerchia dei Navigli alle Mura Spagnole,27,0,32,2021-02-01
2021,2,Dalla Nuova Circonvallazione ai confini del Comune,268,0,328,2021-02-01
2021,2,Dalle Mura Spagnole alla Nuova Circonvallazione,136,0,173,2021-02-01
2021,2,Entro la Cerchia dei Navigli,12,0,16,2021-02-01
2021,2,Senza indicazioni,20,0,22,2021-02-01
2021,3,Dalla Cerchia dei Navigli alle Mura Spagnole,32,0,34,2021-03-01
2021,3,Dalla Nuova Circonvallazione ai confini del Comune,287,3,353,2021-03-01
2021,3,Dalle Mura Spagnole alla Nuova Circonvallazione,124,0,146,2021-03-01
2021,3,Entro la Cerchia dei Navigli,7,0,7,2021-03-01
2021,3,Senza indicazioni,33,0,36,2021-03-01
2021,4,Dalla Cerchia dei Navigli alle Mura Spagnole,21,0,22,2021-04-01
2021,4,Dalla Nuova Circonvallazione ai confini del Comune,305,0,368,2021-04-01
2021,4,Dalle Mura Spagnole alla Nuova Circonvallazione,151,0,182,2021-04-01
2021,4,Entro la Cerchia dei Navigli,26,0,29,2021-04-01
2021,4,Senza indicazioni,26,0,32,2021-04-01
2021,5,Dalla Cerchia dei Navigli alle Mura Spagnole,57,0,64,2021-05-01
2021,5,Dalla Nuova Circonvallazione ai confini del Comune,413,4,505,2021-05-01
2021,5,Dalle Mura Spagnole alla Nuova Circonvallazione,206,2,245,2021-05-01
2021,5,Entro la Cerchia dei Navigli,22,0,23,2021-05-01
2021,5,Senza indicazioni,35,0,49,2021-05-01
2021,6,Dalla Cerchia dei Navigli alle Mura Spagnole,47,0,57,2021-06-01
2021,6,Dalla Nuova Circonvallazione ai confini del Comune,437,2,530,2021-06-01
2021,6,Dalle Mura Spagnole alla Nuova Circonvallazione,225,0,264,2021-06-01
2021,6,Entro la Cerchia dei Navigli,22,0,25,2021-06-01
2021,6,Senza indicazioni,30,0,34,2021-06-01
2021,7,Dalla Cerchia dei Navigli alle Mura Spagnole,39,0,41,2021-07-01
2021,7,Dalla Nuova Circonvallazione ai confini del Comune,385,0,503,2021-07-01
2021,7,Dalle Mura Spagnole alla Nuova Circonvallazione,201,0,249,2021-07-01
2021,7,Entro la Cerchia dei Navigli,15,0,19,2021-07-01
2021,7,Senza indicazioni,40,1,45,2021-07-01
2021,8,Dalla Cerchia dei Navigli alle Mura Spagnole,22,0,28,2021-08-01
2021,8,Dalla Nuova Circonvallazione ai confini del Comune,242,2,325,2021-08-01
2021,8,Dalle Mura Spagnole alla Nuova Circonvallazione,118,1,142,2021-08-01
2021,8,Entro la Cerchia dei Navigli,10,0,11,2021-08-01
2021,8,Senza indicazioni,18,0,20,2021-08-01
2021,9,Dalla Cerchia dei Navigli alle Mura Spagnole,44,0,57,2021-09-01
2021,9,Dalla Nuova Circonvallazione ai confini del Comune,432,2,559,2021-09-01
2021,9,Dalle Mura Spagnole alla Nuova Circonvallazione,238,2,311,2021-09-01
2021,9,Entro la Cerchia dei Navigli,21,0,24,2021-09-01
2021,9,Senza indicazioni,26,0,37,2021-09-01
2021,10,Dalla Cerchia dei Navigli alle Mura Spagnole,54,1,66,2021-10-01
2021,10,Dalla Nuova Circonvallazione ai confini del Comune,448,3,563,2021-10-01
2021,10,Dalle Mura Spagnole alla Nuova Circonvallazione,270,1,343,2021-10-01
2021,10,Entro la Cerchia dei Navigli,15,0,18,2021-10-01
2021,10,Senza indicazioni,41,1,46,2021-10-01
2021,11,Dalla Cerchia dei Navigli alle Mura Spagnole,41,0,50,2021-11-01
2021,11,Dalla Nuova Circonvallazione ai confini del Comune,406,2,511,2021-11-01
2021,11,Dalle Mura Spagnole alla Nuova Circonvallazione,220,1,271,2021-11-01
2021,11,Entro la Cerchia dei Navigli,17,0,22,2021-11-01
2021,11,Senza indicazioni,36,1,47,2021-11-01
2021,12,Dalla Cerchia dei Navigli alle Mura Spagnole,29,0,34,2021-12-01
2021,12,Dalla Nuova Circonvallazione ai confini del Comune,334,1,421,2021-12-01
2021,12,Dalle Mura Spagnole alla Nuova Circonvallazione,165,0,203,2021-12-01
2021,12,Entro la Cerchia dei Navigli,8,0,9,2021-12-01
2021,12,Senza indicazioni,29,0,37,2021-12-01
2022,1,Dalla Cerchia dei Navigli alle Mura Spagnole,29,0,29,2022-01-01
2022,1,Dalla Nuova Circonvallazione ai confini del Comune,307,3,408,2022-01-01
2022,1,Dalle Mura Spagnole alla Nuova Circonvallazione,149,0,201,2022-01-01
2022,1,Entro la Cerchia dei Navigli,11,0,13,2022-01-01
2022,1,Senza indicazioni,25,0,30,2022-01-01
2022,2,Dalla Cerchia dei Navigli alle Mura Spagnole,34,0,38,2022-02-01
2022,2,Dalla Nuova Circonvallazione ai confini del Comune,324,0,404,2022-02-01
2022,2,Dalle Mura Spagnole alla Nuova Circonvallazione,153,0,185,2022-02-01
2022,2,Entro la Cerchia dei Navigli,15,0,16,2022-02-01
2022,2,Senza indicazioni,36,0,44,2022-02-01
2022,3,Dalla Cerchia dei Navigli alle Mura Spagnole,39,0,45,2022-03-01
2022,3,Dalla Nuova Circonvallazione ai confini del Comune,359,3,458,2022-03-01
2022,3,Dalle Mura Spagnole alla Nuova Circonvallazione,188,3,220,2022-03-01
2022,3,Entro la Cerchia dei Navigli,10,0,11,2022-03-01
2022,3,Senza indicazioni,19,0,21,2022-03-01
2022,4,Dalla Cerchia dei Navigli alle Mura Spagnole,37,0,43,2022-04-01
2022,4,Dalla Nuova Circonvallazione ai confini del Comune,376,2,488,2022-04-01
2022,4,Dalle Mura Spagnole alla Nuova Circonvallazione,174,0,211,2022-04-01
2022,4,Entro la Cerchia dei Navigli,24,0,29,2022-04-01
2022,4,Senza indicazioni,37,0,44,2022-04-01
2022,5,Dalla Cerchia dei Navigli alle Mura Spagnole,49,0,55,2022-05-01
2022,5,Dalla Nuova Circonvallazione ai confini del Comune,438,1,574,2022-05-01
2022,5,Dalle Mura Spagnole alla Nuova Circonvallazione,222,1,287,2022-05-01
2022,5,Entro la Cerchia dei Navigli,22,0,26,2022-05-01
2022,5,Senza indicazioni,34,0,49,2022-05-01
2022,6,Dalla Cerchia dei Navigli alle Mura Spagnole,48,0,61,2022-06-01
2022,6,Dalla Nuova Circonvallazione ai confini del Comune,430,1,544,2022-06-01
2022,6,Dalle Mura Spagnole alla Nuova Circonvallazione,235,0,291,2022-06-01
2022,6,Entro la Cerchia dei Navigli,18,0,19,2022-06-01
2022,6,Senza indicazioni,29,0,38,2022-06-01
2022,7,Dalla Cerchia dei Navigli alle Mura Spagnole,34,0,42,2022-07-01
2022,7,Dalla Nuova Circonvallazione ai confini del Comune,379,3,461,2022-07-01
2022,7,Dalle Mura Spagnole alla Nuova Circonvallazione,187,0,240,2022-07-01
2022,7,Entro la Cerchia dei Navigli,12,0,13,2022-07-01
2022,7,Senza indicazioni,33,1,53,2022-07-01
2022,8,Dalla Cerchia dei Navigli alle Mura Spagnole,14,0,20,2022-08-01
2022,8,Dalla Nuova Circonvallazione ai confini del Comune,229,4,307,2022-08-01
2022,8,Dalle Mura Spagnole alla Nuova Circonvallazione,120,1,156,2022-08-01
2022,8,Entro la Cerchia dei Navigli,7,0,9,2022-08-01
2022,8,Senza indicazioni,19,0,22,2022-08-01
2022,9,Dalla Cerchia dei Navigli alle Mura Spagnole,35,0,42,2022-09-01
2022,9,Dalla Nuova Circonvallazione ai confini del Comune,405,5,519,2022-09-01
2022,9,Dalle Mura Spagnole alla Nuova Circonvallazione,224,2,270,2022-09-01
2022,9,Entro la Cerchia dei Navigli,19,0,23,2022-09-01
2022,9,Senza indicazioni,36,0,44,2022-09-01
2022,10,Dalla Cerchia dei Navigli alle Mura Spagnole,52,0,61,2022-10-01
2022,10,Dalla Nuova Circonvallazione ai confini del Comune,433,2,560,2022-10-01
2022,10,Dalle Mura Spagnole alla Nuova Circonvallazione,225,0,271,2022-10-01
2022,10,Entro la Cerchia dei Navigli,19,0,20,2022-10-01
2022,10,Senza indicazioni,29,0,34,2022-10-01
2022,11,Dalla Cerchia dei Navigli alle Mura Spagnole,41,0,47,2022-11-01
2022,11,Dalla Nuova Circonvallazione ai confini del Comune,394,3,491,2022-11-01
2022,11,Dalle Mura Spagnole alla Nuova Circonvallazione,208,2,260,2022-11-01
2022,11,Entro la Cerchia dei Navigli,14,0,16,2022-11-01
2022,11,Senza indicazioni,25,0,32,2022-11-01
2022,12,Dalla Cerchia dei Navigli alle Mura Spagnole,32,0,35,2022-12-01
2022,12,Dalla Nuova Circonvallazione ai confini del Comune,314,5,393,2022-12-01
2022,12,Dalle Mura Spagnole alla Nuova Circonvallazione,160,0,208,2022-12-01
2022,12,Entro la Cerchia dei Navigli,12,0,13,2022-12-01
2022,12,Senza indicazioni,24,0,31,2022-12-01
2023,1,Dalla Cerchia dei Navigli alle Mura Spagnole,31,0,34,2023-01-01
2023,1,Dalla Nuova Circonvallazione ai confini del Comune,327,2,411,2023-01-01
2023,1,Dalle Mura Spagnole alla Nuova Circonvallazione,155,0,198,2023-01-01
2023,1,Entro la Cerchia dei Navigli,20,0,21,2023-01-01
2023,1,Senza indicazioni,24,0,34,2023-01-01
2023,2,Dalla Cerchia dei Navigli alle Mura Spagnole,47,1,55,2023-02-01
2023,2,Dalla Nuova Circonvallazione ai confini del Comune,344,5,425,2023-02-01
2023,2,Dalle Mura Spagnole alla Nuova Circonvallazione,164,0,202,2023-02-01
2023,2,Entro la Cerchia dei Navigli,19,0,22,2023-02-01
2023,2,Senza indicazioni,31,0,43,2023-02-01
2023,3,Dalla Cerchia dei Navigli alle Mura Spagnole,45,0,54,2023-03-01
2023,3,Dalla Nuova Circonvallazione ai confini del Comune,392,3,486,2023-03-01
2023,3,Dalle Mura Spagnole alla Nuova Circonvallazione,192,1,260,2023-03-01
2023,3,Entro la Cerchia dei Navigli,17,0,20,2023-03-01
2023,3,Senza indicazioni,31,0,38,2023-03-01
2023,4,Dalla Cerchia dei Navigli alle Mura Spagnole,30,1,35,2023-04-01
2023,4,Dalla Nuova Circonvallazione ai confini del Comune,349,3,452,2023-04-01
2023,4,Dalle Mura Spagnole alla Nuova Circonvallazione,189,0,230,2023-04-01
2023,4,Entro la Cerchia dei Navigli,14,0,14,2023-04-01
2023,4,Senza indicazioni,24,0,30,2023-04-01
2023,5,Dalla Cerchia dei Navigli alle Mura Spagnole,54,0,69,2023-05-01
2023,5,Dalla Nuova Circonvallazione ai confini del Comune,442,2,533,2023-05-01
2023,5,Dalle Mura Spagnole alla Nuova Circonvallazione,214,0,260,2023-05-01
2023,5,Entro la Cerchia dei Navigli,18,0,21,2023-05-01
2023,5,Senza indicazioni,36,0,47,2023-05-01
2023,6,Dalla Cerchia dei Navigli alle Mura Spagnole,35,0,38,2023-06-01
2023,6,Dalla Nuova Circonvallazione ai confini del Comune,427,1,502,2023-06-01
2023,6,Dalle Mura Spagnole alla Nuova Circonvallazione,202,0,253,2023-06-01
2023,6,Entro la Cerchia dei Navigli,23,0,26,2023-06-01
2023,6,Senza indicazioni,26,0,30,2023-06-01
2023,7,Dalla Cerchia dei Navigli alle Mura Spagnole,22,0,27,2023-07-01
2023,7,Dalla Nuova Circonvallazione ai confini del Comune,314,2,380,2023-07-01
2023,7,Dalle Mura Spagnole alla Nuova Circonvallazione,173,0,219,2023-07-01
2023,7,Entro la Cerchia dei Navigli,22,0,25,2023-07-01
2023,7,Senza indicazioni,27,0,37,2023-07-01
2023,8,Dalla Cerchia dei Navigli alle Mura Spagnole,12,0,14,2023-08-01
2023,8,Dalla Nuova Circonvallazione ai confini del Comune,229,1,301,2023-08-01
2023,8,Dalle Mura Spagnole alla Nuova Circonvallazione,110,1,140,2023-08-01
2023,8,Entro la Cerchia dei Navigli,19,1,25,2023-08-01
2023,8,Senza indicazioni,21,1,23,2023-08-01
2023,9,Dalla Cerchia dei Navigli alle Mura Spagnole,33,0,38,2023-09-01
2023,9,Dalla Nuova Circonvallazione ai confini del Comune,405,7,504,2023-09-01
2023,9,Dalle Mura Spagnole alla Nuova Circonvallazione,198,0,251,2023-09-01
2023,9,Entro la Cerchia dei Navigli,21,0,24,2023-09-01
2023,9,Senza indicazioni,29,0,34,2023-09-01
2023,10,Dalla Cerchia dei Navigli alle Mura Spagnole,37,0,47,2023-10-01
2023,10,Dalla Nuova Circonvallazione ai confini del Comune,440,4,545,2023-10-01
2023,10,Dalle Mura Spagnole alla Nuova Circonvallazione,221,2,263,2023-10-01
2023,10,Entro la Cerchia dei Navigli,20,0,22,2023-10-01
2023,10,Senza indicazioni,37,0,58,2023-10-01
2023,11,Dalla Cerchia dei Navigli alle Mura Spagnole,44,0,56,2023-11-01
2023,11,Dalla Nuova Circonvallazione ai confini del Comune,392,4,482,2023-11-01
2023,11,Dalle Mura Spagnole alla Nuova Circonvallazione,208,0,251,2023-11-01
2023,11,Entro la Cerchia dei Navigli,18,0,20,2023-11-01
2023,11,Senza indicazioni,29,0,38,2023-11-01
2023,12,Dalla Cerchia dei Navigli alle Mura Spagnole,33,0,39,2023-12-01
2023,12,Dalla Nuova Circonvallazione ai confini del Comune,327,1,403,2023-12-01
2023,12,Dalle Mura Spagnole alla Nuova Circonvallazione,160,0,187,2023-12-01
2023,12,Entro la Cerchia dei Navigli,8,0,10,2023-12-01
2023,12,Senza indicazioni,27,0,36,2023-12-01
2024,1,Dalla Cerchia dei Navigli alle Mura Spagnole,25,0,30,2024-01-01
2024,1,Dalla Nuova Circonvallazione ai confini del Comune,356,1,455,2024-01-01
2024,1,Dalle Mura Spagnole alla Nuova Circonvallazione,146,0,173,2024-01-01
2024,1,Entro la Cerchia dei Navigli,12,0,14,2024-01-01
2024,1,Senza indicazioni,34,0,41,2024-01-01
2024,2,Dalla Cerchia dei Navigli alle Mura Spagnole,26,0,29,2024-02-01
2024,2,Dalla Nuova Circonvallazione ai confini del Comune,308,1,391,2024-02-01
2024,2,Dalle Mura Spagnole alla Nuova Circonvallazione,173,0,213,2024-02-01
2024,2,Entro la Cerchia dei Navigli,15,0,17,2024-02-01
2024,2,Senza indicazioni,28,0,35,2024-02-01
2024,3,Dalla Cerchia dei Navigli alle Mura Spagnole,45,0,47,2024-03-01
2024,3,Dalla Nuova Circonvallazione ai confini del Comune,347,1,422,2024-03-01
2024,3,Dalle Mura Spagnole alla Nuova Circonvallazione,197,1,234,2024-03-01
2024,3,Entro la Cerchia dei Navigli,10,0,13,2024-03-01
2024,3,Senza indicazioni,36,0,52,2024-03-01
2024,4,Dalla Cerchia dei Navigli alle Mura Spagnole,32,0,33,2024-04-01
2024,4,Dalla Nuova Circonvallazione ai confini del Comune,351,1,454,2024-04-01
2024,4,Dalle Mura Spagnole alla Nuova Circonvallazione,179,1,230,2024-04-01
2024,4,Entro la Cerchia dei Navigli,15,0,15,2024-04-01
2024,4,Senza indicazioni,36,2,52,2024-04-01
2024,5,Dalla Cerchia dei Navigli alle Mura Spagnole,48,0,56,2024-05-01
2024,5,Dalla Nuova Circonvallazione ai confini del Comune,402,4,488,2024-05-01
2024,5,Dalle Mura Spagnole alla Nuova Circonvallazione,191,0,227,2024-05-01
2024,5,Entro la Cerchia dei Navigli,11,0,11,2024-05-01
2024,5,Senza indicazioni,40,0,59,2024-05-01
2024,6,Dalla Cerchia dei Navigli alle Mura Spagnole,32,0,39,2024-06-01
2024,6,Dalla Nuova Circonvallazione ai confini del Comune,387,5,478,2024-06-01
2024,6,Dalle Mura Spagnole alla Nuova Circonvallazione,201,1,251,2024-06-01
2024,6,Entro la Cerchia dei Navigli,23,0,28,2024-06-01
2024,6,Senza indicazioni,30,0,42,2024-06-01
2024,7,Dalla Cerchia dei Navigli alle Mura Spagnole,41,0,52,2024-07-01
2024,7,Dalla Nuova Circonvallazione ai confini del Comune,380,1,480,2024-07-01
2024,7,Dalle Mura Spagnole alla Nuova Circonvallazione,160,1,195,2024-07-01
2024,7,Entro la Cerchia dei Navigli,22,0,27,2024-07-01
2024,7,Senza indicazioni,30,0,43,2024-07-01
2024,8,Dalla Cerchia dei Navigli alle Mura Spagnole,15,1,20,2024-08-01
2024,8,Dalla Nuova Circonvallazione ai confini del Comune,252,0,312,2024-08-01
2024,8,Dalle Mura Spagnole alla Nuova Circonvallazione,100,2,117,2024-08-01
2024,8,Entro la Cerchia dei Navigli,15,0,16,2024-08-01
2024,8,Senza indicazioni,15,0,21,2024-08-01
2024,9,Dalla Cerchia dei Navigli alle Mura Spagnole,47,0,57,2024-09-01
2024,9,Dalla Nuova Circonvallazione ai confini del Comune,400,1,521,2024-09-01
2024,9,Dalle Mura Spagnole alla Nuova Circonvallazione,221,0,264,2024-09-01
2024,9,Entro la Cerchia dei Navigli,20,0,25,2024-09-01
2024,9,Senza indicazioni,33,0,39,2024-09-01
2024,10,Dalla Cerchia dei Navigli alle Mura Spagnole,43,1,52,2024-10-01
2024,10,Dalla Nuova Circonvallazione ai confini del Comune,431,2,519,2024-10-01
2024,10,Dalle Mura Spagnole alla Nuova Circonvallazione,221,0,268,2024-10-01
2024,10,Entro la Cerchia dei Navigli,23,0,24,2024-10-01
2024,10,Senza indicazioni,35,0,43,2024-10-01
2024,11,Dalla Cerchia dei Navigli alle Mura Spagnole,33,0,39,2024-11-01
2024,11,Dalla Nuova Circonvallazione ai confini del Comune,419,4,506,2024-11-01
2024,11,Dalle Mura Spagnole alla Nuova Circonvallazione,225,1,275,2024-11-01
2024,11,Entro la Cerchia dei Navigli,19,0,24,2024-11-01
2024,11,Senza indicazioni,28,0,38,2024-11-01
2024,12,Dalla Cerchia dei Navigli alle Mura Spagnole,34,0,39,2024-12-01
2024,12,Dalla Nuova Circonvallazione ai confini del Comune,363,2,449,2024-12-01
2024,12,Dalle Mura Spagnole alla Nuova Circonvallazione,191,3,230,2024-12-01
2024,12,Entro la Cerchia dei Navigli,22,0,26,2024-12-01
2024,12,Senza indicazioni,28,1,34,2024-12-01
